subreddit_id,author_is_blocked,author_flair_type,total_awards_received,saved,id,gilded,archived,no_follow,can_mod_post,created_utc,send_replies,parent_id,score,author_fullname,collapsed,body,edited,name,is_submitter,downs,author_patreon_flair,body_html,stickied,author_premium,can_gild,score_hidden,permalink,subreddit_type,locked,created,link_id,subreddit_name_prefixed,controversiality,depth,ups,_fetched,submission_id,author_flair_background_color,author_flair_text_color,collapsed_reason_code
t5_2qh4n,False,text,0,False,j1x3kty,0,False,False,False,1672190131.0,True,t3_zwqq0o,67,t2_ppuerbx6,False,"I tried getting it to help me code and sometimes it does great but mostly it just lies to me, confidently proclaiming false things.  I don't think I've met many humans I trust less than that thing and I used to smoke crack.",0.0,t1_j1x3kty,False,0,False,"<div class=""md""><p>I tried getting it to help me code and sometimes it does great but mostly it just lies to me, confidently proclaiming false things.  I don&#39;t think I&#39;ve met many humans I trust less than that thing and I used to smoke crack.</p>
</div>",False,False,True,False,/r/opensource/comments/zwqq0o/anyone_else_getting_comments_clearly_generated_w/j1x3kty/,public,False,1672190131.0,t3_zwqq0o,r/opensource,0,0,67,True,zwqq0o,,,
t5_2qh4n,False,text,0,False,j1wjkou,0,False,False,False,1672181362.0,True,t3_zwqq0o,42,t2_5ddgks1s,False,"This is troubling.

I'd assume it would be worth while for advertising / drawing profile views.

At worst they are ageing and humanizing accounts for future malicious use.",0.0,t1_j1wjkou,False,0,False,"<div class=""md""><p>This is troubling.</p>

<p>I&#39;d assume it would be worth while for advertising / drawing profile views.</p>

<p>At worst they are ageing and humanizing accounts for future malicious use.</p>
</div>",False,False,True,False,/r/opensource/comments/zwqq0o/anyone_else_getting_comments_clearly_generated_w/j1wjkou/,public,False,1672181362.0,t3_zwqq0o,r/opensource,0,0,42,True,zwqq0o,,,
t5_2qh4n,False,text,0,False,j1wmq4o,0,False,False,False,1672182681.0,True,t3_zwqq0o,22,t2_13b14t,False,"Sorry this has happened to you. For those of us who aren't familiar with it, how do you know the comments are from ChatGPT? Any obvious signs? Only asking because I'd like to keep an eye on this nonsense in my repos.",0.0,t1_j1wmq4o,False,0,False,"<div class=""md""><p>Sorry this has happened to you. For those of us who aren&#39;t familiar with it, how do you know the comments are from ChatGPT? Any obvious signs? Only asking because I&#39;d like to keep an eye on this nonsense in my repos.</p>
</div>",False,False,True,False,/r/opensource/comments/zwqq0o/anyone_else_getting_comments_clearly_generated_w/j1wmq4o/,public,False,1672182681.0,t3_zwqq0o,r/opensource,0,0,22,True,zwqq0o,,,
t5_2qh4n,False,text,0,False,j1yltgm,0,False,False,False,1672223455.0,True,t3_zwqq0o,8,t2_duc9siid,False,"I have heard of some comments initially created to be relatively innocuous, but later edited to contain spam instead. Probably with the hope that a maintainer wont circle back and find it after the initial posting.",0.0,t1_j1yltgm,False,0,False,"<div class=""md""><p>I have heard of some comments initially created to be relatively innocuous, but later edited to contain spam instead. Probably with the hope that a maintainer wont circle back and find it after the initial posting.</p>
</div>",False,False,True,False,/r/opensource/comments/zwqq0o/anyone_else_getting_comments_clearly_generated_w/j1yltgm/,public,False,1672223455.0,t3_zwqq0o,r/opensource,0,0,8,True,zwqq0o,,,
t5_2qh4n,False,text,0,False,j1y7j0z,0,False,False,False,1672211618.0,True,t3_zwqq0o,5,t2_c0r07rc5,False,Eternal september x 10000,0.0,t1_j1y7j0z,False,0,False,"<div class=""md""><p>Eternal september x 10000</p>
</div>",False,False,True,False,/r/opensource/comments/zwqq0o/anyone_else_getting_comments_clearly_generated_w/j1y7j0z/,public,False,1672211618.0,t3_zwqq0o,r/opensource,0,0,5,True,zwqq0o,,,
t5_2qh4n,False,text,0,False,j1x8w1g,0,False,False,False,1672192568.0,True,t3_zwqq0o,10,t2_49uhy,False,I'm now getting ChartGPT replies on my Reddit comments months ago. The percentage of human on Reddit is not high anymore.,0.0,t1_j1x8w1g,False,0,False,"<div class=""md""><p>I&#39;m now getting ChartGPT replies on my Reddit comments months ago. The percentage of human on Reddit is not high anymore.</p>
</div>",False,False,True,False,/r/opensource/comments/zwqq0o/anyone_else_getting_comments_clearly_generated_w/j1x8w1g/,public,False,1672192568.0,t3_zwqq0o,r/opensource,0,0,10,True,zwqq0o,,,
t5_2qh4n,False,text,0,False,j1z5stb,0,False,True,False,1672236821.0,True,t3_zwqq0o,2,t2_lcpy05j,False,"Luckily we've not, we did start to use chatGPT internally to make drafts for blogposts and verify code cannot be downsized at times...",0.0,t1_j1z5stb,False,0,False,"<div class=""md""><p>Luckily we&#39;ve not, we did start to use chatGPT internally to make drafts for blogposts and verify code cannot be downsized at times...</p>
</div>",False,False,True,False,/r/opensource/comments/zwqq0o/anyone_else_getting_comments_clearly_generated_w/j1z5stb/,public,False,1672236821.0,t3_zwqq0o,r/opensource,0,0,2,True,zwqq0o,,,
t5_2qh4n,False,text,0,False,j20sita,0,False,True,False,1672260841.0,True,t3_zwqq0o,2,t2_2pki7faw,False,Did it finally become self aware?,0.0,t1_j20sita,False,0,False,"<div class=""md""><p>Did it finally become self aware?</p>
</div>",False,False,True,False,/r/opensource/comments/zwqq0o/anyone_else_getting_comments_clearly_generated_w/j20sita/,public,False,1672260841.0,t3_zwqq0o,r/opensource,0,0,2,True,zwqq0o,,,
t5_2qh4n,False,text,0,False,j1xkpzs,0,False,True,False,1672198157.0,True,t3_zwqq0o,2,t2_4fgxe,False,Why not just delete the comments and block the user? I haven't blocked a user before but surely it's a feature.,0.0,t1_j1xkpzs,False,0,False,"<div class=""md""><p>Why not just delete the comments and block the user? I haven&#39;t blocked a user before but surely it&#39;s a feature.</p>
</div>",False,False,True,False,/r/opensource/comments/zwqq0o/anyone_else_getting_comments_clearly_generated_w/j1xkpzs/,public,False,1672198157.0,t3_zwqq0o,r/opensource,0,0,2,True,zwqq0o,,,
t5_2qh4n,False,text,0,False,j1x85nz,0,False,False,False,1672192230.0,True,t1_j1x3kty,22,t2_ck5o2,False,That sounds just like a human ðŸ¤£,0.0,t1_j1x85nz,False,0,False,"<div class=""md""><p>That sounds just like a human ðŸ¤£</p>
</div>",False,False,True,False,/r/opensource/comments/zwqq0o/anyone_else_getting_comments_clearly_generated_w/j1x85nz/,public,False,1672192230.0,t3_zwqq0o,r/opensource,0,1,22,True,zwqq0o,,,
t5_2qh4n,False,text,0,False,j1y3293,0,False,True,False,1672208400.0,True,t1_j1x3kty,9,t2_28340rk2,False,Feels like an r/kamikazebywords,0.0,t1_j1y3293,False,0,False,"<div class=""md""><p>Feels like an <a href=""/r/kamikazebywords"">r/kamikazebywords</a></p>
</div>",False,False,True,False,/r/opensource/comments/zwqq0o/anyone_else_getting_comments_clearly_generated_w/j1y3293/,public,False,1672208400.0,t3_zwqq0o,r/opensource,0,1,9,True,zwqq0o,,,
t5_2qh4n,False,text,0,False,j1wqhfo,0,False,False,False,1672184295.0,True,t1_j1wmq4o,30,t2_k03ap,False,The way it words the beginnings of the first two paragraphs as well as the whole conclusion are what made me sure it is chatgpt,0.0,t1_j1wqhfo,False,0,False,"<div class=""md""><p>The way it words the beginnings of the first two paragraphs as well as the whole conclusion are what made me sure it is chatgpt</p>
</div>",False,False,True,False,/r/opensource/comments/zwqq0o/anyone_else_getting_comments_clearly_generated_w/j1wqhfo/,public,False,1672184295.0,t3_zwqq0o,r/opensource,0,1,30,True,zwqq0o,,,
t5_2qh4n,False,text,0,False,j1xfe65,0,False,False,False,1672195580.0,True,t1_j1wmq4o,8,t2_8k3o0fdb,False,Nice try chatgpt,0.0,t1_j1xfe65,False,0,False,"<div class=""md""><p>Nice try chatgpt</p>
</div>",False,False,True,False,/r/opensource/comments/zwqq0o/anyone_else_getting_comments_clearly_generated_w/j1xfe65/,public,False,1672195580.0,t3_zwqq0o,r/opensource,0,1,8,True,zwqq0o,,,
t5_2qh4n,False,text,0,False,j1wqolq,0,False,False,False,1672184384.0,True,t1_j1wmq4o,27,t2_lxmavcs2,False,"Its writing style is very recognizable. Its very good at summarizing a topic that has a lot of content already written about it and can be explained within its own context. This makes it very good at e.g. writing SEO keyword focused blog content.

That makes it extremely bad at writing comments on issues that address a specific code base. The context the AI was trained on to generate the text is too broad and what it says will feel very generic and not specific to the actual issues being discussed.",0.0,t1_j1wqolq,True,0,False,"<div class=""md""><p>Its writing style is very recognizable. Its very good at summarizing a topic that has a lot of content already written about it and can be explained within its own context. This makes it very good at e.g. writing SEO keyword focused blog content.</p>

<p>That makes it extremely bad at writing comments on issues that address a specific code base. The context the AI was trained on to generate the text is too broad and what it says will feel very generic and not specific to the actual issues being discussed.</p>
</div>",False,False,True,False,/r/opensource/comments/zwqq0o/anyone_else_getting_comments_clearly_generated_w/j1wqolq/,public,False,1672184384.0,t3_zwqq0o,r/opensource,0,1,27,True,zwqq0o,,,
t5_2qh4n,False,text,0,False,j20ewkh,0,False,True,False,1672255469.0,True,t1_j1yltgm,1,t2_485vk,False,That would be an incredibly easy pattern to target to flag / delete accounts automatically so hopefully that is what they are doing.,0.0,t1_j20ewkh,False,0,False,"<div class=""md""><p>That would be an incredibly easy pattern to target to flag / delete accounts automatically so hopefully that is what they are doing.</p>
</div>",False,False,True,False,/r/opensource/comments/zwqq0o/anyone_else_getting_comments_clearly_generated_w/j20ewkh/,public,False,1672255469.0,t3_zwqq0o,r/opensource,0,1,1,True,zwqq0o,,,
t5_2qh4n,False,text,0,False,j1yh26w,0,False,False,False,1672219410.0,True,t1_j1x8w1g,7,t2_uhs1e,False,"Let's be very honest: if we used reddit comment replies for training, it could easily just respond memes and still score big karma points.
(e.g., always has been)

That said, ChatGPT is eye-watering expensive and this is mostly a way of getting free RLHF, so I guess this is all going away in months (?).

What troubles me though, is what will happen when a similar model becomes commonly available at cheaper processing costs. What will happen to spam and how could we then defend it.",0.0,t1_j1yh26w,False,0,False,"<div class=""md""><p>Let&#39;s be very honest: if we used reddit comment replies for training, it could easily just respond memes and still score big karma points.
(e.g., always has been)</p>

<p>That said, ChatGPT is eye-watering expensive and this is mostly a way of getting free RLHF, so I guess this is all going away in months (?).</p>

<p>What troubles me though, is what will happen when a similar model becomes commonly available at cheaper processing costs. What will happen to spam and how could we then defend it.</p>
</div>",False,False,True,False,/r/opensource/comments/zwqq0o/anyone_else_getting_comments_clearly_generated_w/j1yh26w/,public,False,1672219410.0,t3_zwqq0o,r/opensource,0,1,7,True,zwqq0o,,,
t5_2qh4n,False,text,0,False,j20g4u6,0,False,True,False,1672255962.0,True,t1_j1z5stb,2,t2_485vk,False,"I follow a few sub's about blogging / generating / monetizing traffic. ChatGPT is taking over. Entire sites are being written for less than it would cost humans and it is currently effective, generating traffic and getting ranked high.

  
Google and other search engines need to get ahead of this real quick.",0.0,t1_j20g4u6,False,0,False,"<div class=""md""><p>I follow a few sub&#39;s about blogging / generating / monetizing traffic. ChatGPT is taking over. Entire sites are being written for less than it would cost humans and it is currently effective, generating traffic and getting ranked high.</p>

<p>Google and other search engines need to get ahead of this real quick.</p>
</div>",False,False,True,False,/r/opensource/comments/zwqq0o/anyone_else_getting_comments_clearly_generated_w/j20g4u6/,public,False,1672255962.0,t3_zwqq0o,r/opensource,0,1,2,True,zwqq0o,,,
t5_2qh4n,False,text,0,False,j2w1is6,0,False,True,False,1672825379.0,True,t1_j20sita,1,t2_atsbmu4e,False,"Nope, it's just some lazy idiot, who either wants profile views or doesn't want to bother learning the language / about the problem.",0.0,t1_j2w1is6,False,0,False,"<div class=""md""><p>Nope, it&#39;s just some lazy idiot, who either wants profile views or doesn&#39;t want to bother learning the language / about the problem.</p>
</div>",False,False,True,False,/r/opensource/comments/zwqq0o/anyone_else_getting_comments_clearly_generated_w/j2w1is6/,public,False,1672825379.0,t3_zwqq0o,r/opensource,0,1,1,True,zwqq0o,,,
t5_2qh4n,False,text,0,False,j1yjltn,0,False,True,False,1672221581.0,True,t1_j1y3293,3,t2_y93e1,False,Thanks for sharing this sub,0.0,t1_j1yjltn,False,0,False,"<div class=""md""><p>Thanks for sharing this sub</p>
</div>",False,False,True,False,/r/opensource/comments/zwqq0o/anyone_else_getting_comments_clearly_generated_w/j1yjltn/,public,False,1672221581.0,t3_zwqq0o,r/opensource,0,2,3,True,zwqq0o,,,
t5_2qh4n,False,text,0,False,j1y338a,0,False,True,False,1672208420.0,True,t1_j1y3293,1,t2_140r4p,False,"Here's a sneak peek of /r/KamikazeByWords using the [top posts](https://np.reddit.com/r/KamikazeByWords/top/?sort=top&t=year) of the year!

\#1: [Germany does not let Russia get away with its BS](https://i.redd.it/gdick6clyll81.jpg) | [902 comments](https://np.reddit.com/r/KamikazeByWords/comments/t7fkh6/germany_does_not_let_russia_get_away_with_its_bs/)  
\#2: [Larry david is brutal](https://i.redd.it/6ujiqfgcfzr91.jpg) | [314 comments](https://np.reddit.com/r/KamikazeByWords/comments/xw9j87/larry_david_is_brutal/)  
\#3: [NFT Bros](https://i.redd.it/otydiq4ch0291.jpg) | [267 comments](https://np.reddit.com/r/KamikazeByWords/comments/uyx263/nft_bros/)

----
^^I'm ^^a ^^bot, ^^beep ^^boop ^^| ^^Downvote ^^to ^^remove ^^| ^^[Contact](https://www.reddit.com/message/compose/?to=sneakpeekbot) ^^| ^^[Info](https://np.reddit.com/r/sneakpeekbot/) ^^| ^^[Opt-out](https://np.reddit.com/r/sneakpeekbot/comments/o8wk1r/blacklist_ix/) ^^| ^^[GitHub](https://github.com/ghnr/sneakpeekbot)",0.0,t1_j1y338a,False,0,False,"<div class=""md""><p>Here&#39;s a sneak peek of <a href=""/r/KamikazeByWords"">/r/KamikazeByWords</a> using the <a href=""https://np.reddit.com/r/KamikazeByWords/top/?sort=top&amp;t=year"">top posts</a> of the year!</p>

<p>#1: <a href=""https://i.redd.it/gdick6clyll81.jpg"">Germany does not let Russia get away with its BS</a> | <a href=""https://np.reddit.com/r/KamikazeByWords/comments/t7fkh6/germany_does_not_let_russia_get_away_with_its_bs/"">902 comments</a><br/>
#2: <a href=""https://i.redd.it/6ujiqfgcfzr91.jpg"">Larry david is brutal</a> | <a href=""https://np.reddit.com/r/KamikazeByWords/comments/xw9j87/larry_david_is_brutal/"">314 comments</a><br/>
#3: <a href=""https://i.redd.it/otydiq4ch0291.jpg"">NFT Bros</a> | <a href=""https://np.reddit.com/r/KamikazeByWords/comments/uyx263/nft_bros/"">267 comments</a></p>

<hr/>

<p><sup><sup>I&#39;m</sup></sup> <sup><sup>a</sup></sup> <sup><sup>bot,</sup></sup> <sup><sup>beep</sup></sup> <sup><sup>boop</sup></sup> <sup><sup>|</sup></sup> <sup><sup>Downvote</sup></sup> <sup><sup>to</sup></sup> <sup><sup>remove</sup></sup> <sup><sup>|</sup></sup> <sup><sup><a href=""https://www.reddit.com/message/compose/?to=sneakpeekbot"">Contact</a></sup></sup> <sup><sup>|</sup></sup> <sup><sup><a href=""https://np.reddit.com/r/sneakpeekbot/"">Info</a></sup></sup> <sup><sup>|</sup></sup> <sup><sup><a href=""https://np.reddit.com/r/sneakpeekbot/comments/o8wk1r/blacklist_ix/"">Opt-out</a></sup></sup> <sup><sup>|</sup></sup> <sup><sup><a href=""https://github.com/ghnr/sneakpeekbot"">GitHub</a></sup></sup></p>
</div>",False,False,True,False,/r/opensource/comments/zwqq0o/anyone_else_getting_comments_clearly_generated_w/j1y338a/,public,False,1672208420.0,t3_zwqq0o,r/opensource,0,2,1,True,zwqq0o,,,
t5_2qh4n,False,text,0,False,j1wr3q1,0,False,False,False,1672184570.0,True,t1_j1wqhfo,21,t2_lxmavcs2,False,Yes this too. It repeats a lot of the same patterns especially at the end when writing a summary/conclusion.,0.0,t1_j1wr3q1,True,0,False,"<div class=""md""><p>Yes this too. It repeats a lot of the same patterns especially at the end when writing a summary/conclusion.</p>
</div>",False,False,True,False,/r/opensource/comments/zwqq0o/anyone_else_getting_comments_clearly_generated_w/j1wr3q1/,public,False,1672184570.0,t3_zwqq0o,r/opensource,0,2,21,True,zwqq0o,,,
t5_2qh4n,False,text,0,False,j1x9y5n,0,False,False,False,1672193056.0,True,t1_j1wqolq,11,t2_49uhy,False,"You're recognizing only ChatGPT responses that use the default tone.

ChatGPT can be instructed to generate informal comments too. You don't see them because they are hardly recognizable to you.",0.0,t1_j1x9y5n,False,0,False,"<div class=""md""><p>You&#39;re recognizing only ChatGPT responses that use the default tone.</p>

<p>ChatGPT can be instructed to generate informal comments too. You don&#39;t see them because they are hardly recognizable to you.</p>
</div>",False,False,True,False,/r/opensource/comments/zwqq0o/anyone_else_getting_comments_clearly_generated_w/j1x9y5n/,public,False,1672193056.0,t3_zwqq0o,r/opensource,0,2,11,True,zwqq0o,,,
t5_2qh4n,False,text,0,False,j20fnkj,0,False,True,False,1672255769.0,True,t1_j1yh26w,2,t2_485vk,False,">ChatGPT is eye-watering expensive and this is mostly a way of getting free RLHF, so I guess this is all going away in months (?).

ChatGPT is just the first well known version of this tech and will only get less expensive, I suspect at some point you will be able to download and run this locally with subscriptions to targeted training databases. 

This is not going away, it is being weaponized and will continue to ruin communities across the web and turn the whole phone spam calls into a new level of hell.",0.0,t1_j20fnkj,False,0,False,"<div class=""md""><blockquote>
<p>ChatGPT is eye-watering expensive and this is mostly a way of getting free RLHF, so I guess this is all going away in months (?).</p>
</blockquote>

<p>ChatGPT is just the first well known version of this tech and will only get less expensive, I suspect at some point you will be able to download and run this locally with subscriptions to targeted training databases. </p>

<p>This is not going away, it is being weaponized and will continue to ruin communities across the web and turn the whole phone spam calls into a new level of hell.</p>
</div>",False,False,True,False,/r/opensource/comments/zwqq0o/anyone_else_getting_comments_clearly_generated_w/j20fnkj/,public,False,1672255769.0,t3_zwqq0o,r/opensource,0,2,2,True,zwqq0o,,,
t5_2qh4n,False,text,0,False,j4gra0e,0,False,True,False,1673801591.0,True,t1_j1wr3q1,1,t2_dpl8fi8d,False,Couldn't that be just copy/pasting ?,0.0,t1_j4gra0e,False,0,False,"<div class=""md""><p>Couldn&#39;t that be just copy/pasting ?</p>
</div>",False,False,True,False,/r/opensource/comments/zwqq0o/anyone_else_getting_comments_clearly_generated_w/j4gra0e/,public,False,1673801591.0,t3_zwqq0o,r/opensource,0,3,1,True,zwqq0o,,,
t5_2qh4n,False,text,0,False,j1y8wvl,0,False,False,False,1672212692.0,True,t1_j1x9y5n,12,t2_4sug86x5,False,Like this one,0.0,t1_j1y8wvl,False,0,False,"<div class=""md""><p>Like this one</p>
</div>",False,False,True,False,/r/opensource/comments/zwqq0o/anyone_else_getting_comments_clearly_generated_w/j1y8wvl/,public,False,1672212692.0,t3_zwqq0o,r/opensource,0,3,12,True,zwqq0o,,,
t5_2qh4n,False,text,0,False,j1yjskp,0,False,True,False,1672221737.0,True,t1_j1x9y5n,3,t2_y93e1,False,"You argue that other comments may not be recognized. But that doesn't say anything about original comment which still can be recognized. 

I don't know much about ChatGPT, just clearing out the logic.",0.0,t1_j1yjskp,False,0,False,"<div class=""md""><p>You argue that other comments may not be recognized. But that doesn&#39;t say anything about original comment which still can be recognized. </p>

<p>I don&#39;t know much about ChatGPT, just clearing out the logic.</p>
</div>",False,False,True,False,/r/opensource/comments/zwqq0o/anyone_else_getting_comments_clearly_generated_w/j1yjskp/,public,False,1672221737.0,t3_zwqq0o,r/opensource,0,3,3,True,zwqq0o,,,
t5_2qh4n,False,text,0,False,iyxbiv6,0,False,False,False,1670190521.0,True,t3_zcgqj1,6,t2_cbhs4xvy,False,remember what happened to the last one?,0.0,t1_iyxbiv6,False,0,False,"<div class=""md""><p>remember what happened to the last one?</p>
</div>",False,False,True,False,/r/opensource/comments/zcgqj1/oss_twitter_bot_powered_by_chatgpt/iyxbiv6/,public,False,1670190521.0,t3_zcgqj1,r/opensource,0,0,6,True,zcgqj1,,,
t5_2qh4n,False,text,0,False,iyx1b7z,0,False,True,False,1670186574.0,True,t3_zcgqj1,2,t2_zfw4mnx,False,Super awesome,0.0,t1_iyx1b7z,False,0,False,"<div class=""md""><p>Super awesome</p>
</div>",False,False,True,False,/r/opensource/comments/zcgqj1/oss_twitter_bot_powered_by_chatgpt/iyx1b7z/,public,False,1670186574.0,t3_zcgqj1,r/opensource,0,0,2,True,zcgqj1,,,
t5_2qh4n,False,text,0,False,iyzla3s,0,False,True,False,1670237368.0,True,t3_zcgqj1,1,t2_3gq77,False,"Unfortunately, Twitter has suspended the bot app powering the account â€” without giving a reason ðŸ˜¢

This is likely an automated response by Twitter for apps which see a spike in usage. I've reached out to Twitter support for help, so hopefully it'll be resolved soon...",0.0,t1_iyzla3s,True,0,False,"<div class=""md""><p>Unfortunately, Twitter has suspended the bot app powering the account â€” without giving a reason ðŸ˜¢</p>

<p>This is likely an automated response by Twitter for apps which see a spike in usage. I&#39;ve reached out to Twitter support for help, so hopefully it&#39;ll be resolved soon...</p>
</div>",False,False,True,False,/r/opensource/comments/zcgqj1/oss_twitter_bot_powered_by_chatgpt/iyzla3s/,public,False,1670237368.0,t3_zcgqj1,r/opensource,0,0,1,True,zcgqj1,,,
t5_2qh4n,False,text,0,False,izhwpej,0,False,False,False,1670564636.0,True,t3_zgmssa,8,t2_2zb1420a,False,The thing is not logging in,0.0,t1_izhwpej,False,0,False,"<div class=""md""><p>The thing is not logging in</p>
</div>",False,False,True,False,/r/opensource/comments/zgmssa/created_a_chatgpt_api/izhwpej/,public,False,1670564636.0,t3_zgmssa,r/opensource,0,0,8,True,zgmssa,,,
t5_2qh4n,False,text,0,False,izii4kw,0,False,False,False,1670581684.0,True,t3_zgmssa,4,t2_e5vsp,False,"Please make a tutorial how to use this properly, should we create files from the code in the readme?",0.0,t1_izii4kw,False,0,False,"<div class=""md""><p>Please make a tutorial how to use this properly, should we create files from the code in the readme?</p>
</div>",False,False,True,False,/r/opensource/comments/zgmssa/created_a_chatgpt_api/izii4kw/,public,False,1670581684.0,t3_zgmssa,r/opensource,0,0,4,True,zgmssa,,,
t5_2qh4n,False,text,0,False,izij4nw,0,False,True,False,1670582538.0,True,t3_zgmssa,1,t2_oi93fig4,False,Will be useful just make a good tutorial,0.0,t1_izij4nw,False,0,False,"<div class=""md""><p>Will be useful just make a good tutorial</p>
</div>",False,False,True,False,/r/opensource/comments/zgmssa/created_a_chatgpt_api/izij4nw/,public,False,1670582538.0,t3_zgmssa,r/opensource,0,0,1,True,zgmssa,,,
t5_2qh4n,False,text,0,False,iziv1pd,0,False,True,False,1670590769.0,True,t3_zgmssa,1,t2_3uyqr,False,Your example chat with it is funny lol,0.0,t1_iziv1pd,False,0,False,"<div class=""md""><p>Your example chat with it is funny lol</p>
</div>",False,False,True,False,/r/opensource/comments/zgmssa/created_a_chatgpt_api/iziv1pd/,public,False,1670590769.0,t3_zgmssa,r/opensource,0,0,1,True,zgmssa,,,
t5_2qh4n,False,text,0,False,izi7x20,0,False,False,False,1670572917.0,True,t1_izhwpej,5,t2_3d207upi,False,The servers are down atm. Check their official discord,0.0,t1_izi7x20,True,0,False,"<div class=""md""><p>The servers are down atm. Check their official discord</p>
</div>",False,False,True,False,/r/opensource/comments/zgmssa/created_a_chatgpt_api/izi7x20/,public,False,1670572917.0,t3_zgmssa,r/opensource,0,1,5,True,zgmssa,,,
t5_2qh4n,False,text,0,False,j91w5s0,0,False,True,False,1676738190.0,True,t3_115dvxb,2,t2_vg33e2bu,False,Just remember - you are sending the code of anyone who uses this to open ai.,0.0,t1_j91w5s0,False,0,False,"<div class=""md""><p>Just remember - you are sending the code of anyone who uses this to open ai.</p>
</div>",False,False,True,False,/r/opensource/comments/115dvxb/i_made_an_opensource_tool_to_generate_unit_tests/j91w5s0/,public,False,1676738190.0,t3_115dvxb,r/opensource,0,0,2,True,115dvxb,,,
t5_2qh4n,False,text,0,False,j954slu,0,False,True,False,1676796225.0,True,t3_115dvxb,2,t2_16pxjf,False,That's awesome! It's really great that you took the initiative to create an opensource tool that helps you generate unit tests. It's even more impressive that you made it using OpenAI! Thanks for sharing your work with the community. It looks like a really useful tool and I'm sure many developers will appreciate it.,0.0,t1_j954slu,False,0,False,"<div class=""md""><p>That&#39;s awesome! It&#39;s really great that you took the initiative to create an opensource tool that helps you generate unit tests. It&#39;s even more impressive that you made it using OpenAI! Thanks for sharing your work with the community. It looks like a really useful tool and I&#39;m sure many developers will appreciate it.</p>
</div>",False,False,True,False,/r/opensource/comments/115dvxb/i_made_an_opensource_tool_to_generate_unit_tests/j954slu/,public,False,1676796225.0,t3_115dvxb,r/opensource,0,0,2,True,115dvxb,,,
t5_2qh4n,False,text,0,False,j91yiix,0,False,True,False,1676739154.0,True,t1_j91w5s0,1,t2_7chao2fk,False,"OK, this is explicitly added to the README, OpenAI API access is needed.",0.0,t1_j91yiix,True,0,False,"<div class=""md""><p>OK, this is explicitly added to the README, OpenAI API access is needed.</p>
</div>",False,False,True,False,/r/opensource/comments/115dvxb/i_made_an_opensource_tool_to_generate_unit_tests/j91yiix/,public,False,1676739154.0,t3_115dvxb,r/opensource,0,1,1,True,115dvxb,,,
t5_2qh4n,False,text,0,False,j92m1be,0,False,True,False,1676748790.0,True,t1_j91yiix,1,t2_vg33e2bu,False,"That's good. 

To further elaborate on this - everything anyone sends to OpenAI for use with ChatGPT is included in the parameters on it's training. That means that you have given up any potential copyright to that material. You also give up any potential license that protects your code from exploitation.",0.0,t1_j92m1be,False,0,False,"<div class=""md""><p>That&#39;s good. </p>

<p>To further elaborate on this - everything anyone sends to OpenAI for use with ChatGPT is included in the parameters on it&#39;s training. That means that you have given up any potential copyright to that material. You also give up any potential license that protects your code from exploitation.</p>
</div>",False,False,True,False,/r/opensource/comments/115dvxb/i_made_an_opensource_tool_to_generate_unit_tests/j92m1be/,public,False,1676748790.0,t3_115dvxb,r/opensource,0,2,1,True,115dvxb,,,
t5_2qh4n,False,text,0,False,j92v50n,0,False,True,False,1676752703.0,True,t1_j92m1be,1,t2_7chao2fk,False,"Still, there are many open-source creators who just want to build things faster, I'm one of those, and I don't have problems sharing my open-source code because it is already published :)  


And yes, using ChatGPT (and other OpenAI models) may not be suitable for some projects or organizations, I think some people should be more aware of this as there are many incorrect use cases.",0.0,t1_j92v50n,True,0,False,"<div class=""md""><p>Still, there are many open-source creators who just want to build things faster, I&#39;m one of those, and I don&#39;t have problems sharing my open-source code because it is already published :)  </p>

<p>And yes, using ChatGPT (and other OpenAI models) may not be suitable for some projects or organizations, I think some people should be more aware of this as there are many incorrect use cases.</p>
</div>",False,False,True,False,/r/opensource/comments/115dvxb/i_made_an_opensource_tool_to_generate_unit_tests/j92v50n/,public,False,1676752703.0,t3_115dvxb,r/opensource,0,3,1,True,115dvxb,,,
t5_2qh4n,False,text,0,False,j8d7xgo,0,False,False,False,1676294239.0,True,t3_1117ydb,7,t2_vcghjgbz,False,"> I must be able to set the app to receive email notifications on boot without setting to start the whole app.

That's absurd, there's a million ways to monitor mailboxes.",0.0,t1_j8d7xgo,False,0,False,"<div class=""md""><blockquote>
<p>I must be able to set the app to receive email notifications on boot without setting to start the whole app.</p>
</blockquote>

<p>That&#39;s absurd, there&#39;s a million ways to monitor mailboxes.</p>
</div>",False,False,True,False,/r/opensource/comments/1117ydb/any_good_desktop_email_client_that_supports/j8d7xgo/,public,False,1676294239.0,t3_1117ydb,r/opensource,0,0,7,True,1117ydb,,,
t5_2qh4n,False,text,0,False,j8e06ls,0,False,True,False,1676306734.0,True,t3_1117ydb,3,t2_8mar0,False,"Mutt. You did not say it needed a GUI. So there.

Any e-mail fetcher has to ""start"" on boot. Maybe you mean you do not want to click to open a GUI, or you do not want a GUI to pop up when the program is active?",0.0,t1_j8e06ls,False,0,False,"<div class=""md""><p>Mutt. You did not say it needed a GUI. So there.</p>

<p>Any e-mail fetcher has to &quot;start&quot; on boot. Maybe you mean you do not want to click to open a GUI, or you do not want a GUI to pop up when the program is active?</p>
</div>",False,True,True,False,/r/opensource/comments/1117ydb/any_good_desktop_email_client_that_supports/j8e06ls/,public,False,1676306734.0,t3_1117ydb,r/opensource,0,0,3,True,1117ydb,,,
t5_2qh4n,False,,0,False,j8dne45,0,False,True,False,1676301544.0,True,t3_1117ydb,2,,True,[removed],1676303146.0,t1_j8dne45,False,0,,"<div class=""md""><p>[removed]</p>
</div>",False,,True,False,/r/opensource/comments/1117ydb/any_good_desktop_email_client_that_supports/j8dne45/,public,False,1676301544.0,t3_1117ydb,r/opensource,1,0,2,True,1117ydb,,dark,DELETED
t5_2qh4n,False,text,0,False,j8gh70j,0,False,True,False,1676343923.0,True,t3_1117ydb,1,t2_1er1joxa,False,Thunderbird can use GPG,0.0,t1_j8gh70j,False,0,False,"<div class=""md""><p>Thunderbird can use GPG</p>
</div>",False,False,True,False,/r/opensource/comments/1117ydb/any_good_desktop_email_client_that_supports/j8gh70j/,public,False,1676343923.0,t3_1117ydb,r/opensource,0,0,1,True,1117ydb,,,
t5_2qh4n,False,text,0,False,j8dgom1,0,False,True,False,1676298604.0,True,t1_j8d7xgo,2,t2_12hxd8,False,Agreed.,0.0,t1_j8dgom1,False,0,False,"<div class=""md""><p>Agreed.</p>
</div>",False,False,True,False,/r/opensource/comments/1117ydb/any_good_desktop_email_client_that_supports/j8dgom1/,public,False,1676298604.0,t3_1117ydb,r/opensource,0,1,2,True,1117ydb,,,
t5_2qh4n,False,text,0,False,j8fyfyg,0,False,True,False,1676335264.0,True,t1_j8e06ls,1,t2_kabs455v,False,But is mutt cross platform?,0.0,t1_j8fyfyg,True,0,False,"<div class=""md""><p>But is mutt cross platform?</p>
</div>",False,False,True,False,/r/opensource/comments/1117ydb/any_good_desktop_email_client_that_supports/j8fyfyg/,public,False,1676335264.0,t3_1117ydb,r/opensource,0,1,1,True,1117ydb,,,
t5_2qh4n,False,text,0,False,j8ebvx1,0,False,False,False,1676311649.0,True,t1_j8dne45,9,t2_da02f1x,False,This was probably written by Chatgpt,0.0,t1_j8ebvx1,False,0,False,"<div class=""md""><p>This was probably written by Chatgpt</p>
</div>",False,False,True,False,/r/opensource/comments/1117ydb/any_good_desktop_email_client_that_supports/j8ebvx1/,public,False,1676311649.0,t3_1117ydb,r/opensource,0,1,9,True,1117ydb,,,
t5_2qh4n,False,text,0,False,j8doph3,0,False,True,False,1676302091.0,True,t1_j8dne45,3,t2_kabs455v,False,"> You can install the Enigmail extension to add support for OpenPGP to Thunderbird.

Where did you copy all this from?",0.0,t1_j8doph3,True,0,False,"<div class=""md""><blockquote>
<p>You can install the Enigmail extension to add support for OpenPGP to Thunderbird.</p>
</blockquote>

<p>Where did you copy all this from?</p>
</div>",False,False,True,False,/r/opensource/comments/1117ydb/any_good_desktop_email_client_that_supports/j8doph3/,public,False,1676302091.0,t3_1117ydb,r/opensource,0,1,3,True,1117ydb,,,
t5_2qh4n,False,text,0,False,j8gbwab,0,False,True,False,1676341443.0,True,t1_j8fyfyg,1,t2_8mar0,False,"Yup, but with Cygwin under Windows. Still, it works. Not sure what cross platform compatibility you are looking for, I do have it running on Windows, FreeBSD, Linux, Android and with Homebrew on Mac.",0.0,t1_j8gbwab,False,0,False,"<div class=""md""><p>Yup, but with Cygwin under Windows. Still, it works. Not sure what cross platform compatibility you are looking for, I do have it running on Windows, FreeBSD, Linux, Android and with Homebrew on Mac.</p>
</div>",False,True,True,False,/r/opensource/comments/1117ydb/any_good_desktop_email_client_that_supports/j8gbwab/,public,False,1676341443.0,t3_1117ydb,r/opensource,0,2,1,True,1117ydb,,,
t5_2qh4n,False,text,0,False,j8dzndx,0,False,False,False,1676306523.0,True,t1_j8doph3,5,t2_8mar0,False,"Yeah, I thought you no longer needed an extension, it is now included in Thunderbird, for a few years now, I believe.",0.0,t1_j8dzndx,False,0,False,"<div class=""md""><p>Yeah, I thought you no longer needed an extension, it is now included in Thunderbird, for a few years now, I believe.</p>
</div>",False,True,True,False,/r/opensource/comments/1117ydb/any_good_desktop_email_client_that_supports/j8dzndx/,public,False,1676306523.0,t3_1117ydb,r/opensource,0,2,5,True,1117ydb,,,
t5_2qh4n,False,text,0,False,j8gh9sc,0,False,True,False,1676343959.0,True,t1_j8dzndx,1,t2_1er1joxa,False,"Yes, but it has to be enabled in some cursed ways. But I use it (for signing)",0.0,t1_j8gh9sc,False,0,False,"<div class=""md""><p>Yes, but it has to be enabled in some cursed ways. But I use it (for signing)</p>
</div>",False,False,True,False,/r/opensource/comments/1117ydb/any_good_desktop_email_client_that_supports/j8gh9sc/,public,False,1676343959.0,t3_1117ydb,r/opensource,0,3,1,True,1117ydb,,,
t5_2qh4n,False,text,0,False,j72ziai,0,False,False,False,1675448740.0,True,t3_10siho0,6,t2_8dx6uc,False,"Just as a general comment for new readers:

* These regulations are being edited, it's going to be a while before any country|ies actually pass them and try to enforce these laws. So don't panic.
* *But...*
* Yes, these regulations really are currently (drafts) that bad, and if some EU governments actually try to pass and enforce them, then... yeah, some people, especially EU FOSS coders, should panic.

Sigh.  Really hoping the right FOSS foundations and legal folks can find effective ways to explain how open source works to the government(s) in EU before this goes too far towards any votes.",0.0,t1_j72ziai,False,0,False,"<div class=""md""><p>Just as a general comment for new readers:</p>

<ul>
<li>These regulations are being edited, it&#39;s going to be a while before any country|ies actually pass them and try to enforce these laws. So don&#39;t panic.</li>
<li><em>But...</em></li>
<li>Yes, these regulations really are currently (drafts) that bad, and if some EU governments actually try to pass and enforce them, then... yeah, some people, especially EU FOSS coders, should panic.</li>
</ul>

<p>Sigh.  Really hoping the right FOSS foundations and legal folks can find effective ways to explain how open source works to the government(s) in EU before this goes too far towards any votes.</p>
</div>",False,False,True,False,/r/opensource/comments/10siho0/open_source_and_policy_join_the_european/j72ziai/,public,False,1675448740.0,t3_10siho0,r/opensource,0,0,6,True,10siho0,,,
t5_2qh4n,False,text,0,False,j742xlh,0,False,True,False,1675463974.0,True,t3_10siho0,0,t2_ngxf7,False,"""The CRA draft even exempts FOSS from compliance â€“ but only if no commercial use is made of it, including things like technical support and as part of monetized services."" https://www.theregister.com/2023/01/30/opinion_eu_foss_security/

FOSS is already exempt",0.0,t1_j742xlh,False,0,False,"<div class=""md""><p>&quot;The CRA draft even exempts FOSS from compliance â€“ but only if no commercial use is made of it, including things like technical support and as part of monetized services.&quot; <a href=""https://www.theregister.com/2023/01/30/opinion_eu_foss_security/"">https://www.theregister.com/2023/01/30/opinion_eu_foss_security/</a></p>

<p>FOSS is already exempt</p>
</div>",False,False,True,False,/r/opensource/comments/10siho0/open_source_and_policy_join_the_european/j742xlh/,public,False,1675463974.0,t3_10siho0,r/opensource,1,0,0,True,10siho0,,,
t5_2qh4n,False,text,0,False,j764urh,0,False,True,False,1675507281.0,True,t3_10siho0,0,t2_v7bohs2,False,"If EU want to regulate FOSS, then EU should be required to *fund* it 100%. Let them pay a few billion euros for the Linux kernel development so far - and then hire a few thousands kernel developers at market rate to maintain the Linux-CE distribution. 

Alternatively, add a *Fuck-EU* clause to the Open Source licenses that simply outlaw any use of Open Source software anywhere in EU. Then EU can go back to regulating typewriters and filing cabinets ;)",0.0,t1_j764urh,False,0,False,"<div class=""md""><p>If EU want to regulate FOSS, then EU should be required to <em>fund</em> it 100%. Let them pay a few billion euros for the Linux kernel development so far - and then hire a few thousands kernel developers at market rate to maintain the Linux-CE distribution. </p>

<p>Alternatively, add a <em>Fuck-EU</em> clause to the Open Source licenses that simply outlaw any use of Open Source software anywhere in EU. Then EU can go back to regulating typewriters and filing cabinets ;)</p>
</div>",False,False,True,False,/r/opensource/comments/10siho0/open_source_and_policy_join_the_european/j764urh/,public,False,1675507281.0,t3_10siho0,r/opensource,0,0,0,True,10siho0,,,
t5_2qh4n,False,text,0,False,j76a366,0,False,True,False,1675511665.0,True,t1_j72ziai,3,t2_7mlslyv0,False,"Guess I'm putting a new license file in my repos. MIT/Apache-2.0 with EU exception. ""This product can not be used within the EU.""

Sadly, I myself am in EU...",0.0,t1_j76a366,False,0,False,"<div class=""md""><p>Guess I&#39;m putting a new license file in my repos. MIT/Apache-2.0 with EU exception. &quot;This product can not be used within the EU.&quot;</p>

<p>Sadly, I myself am in EU...</p>
</div>",False,False,True,False,/r/opensource/comments/10siho0/open_source_and_policy_join_the_european/j76a366/,public,False,1675511665.0,t3_10siho0,r/opensource,0,1,3,True,10siho0,,,
t5_2qh4n,False,text,0,False,j75plir,0,False,True,False,1675494216.0,True,t1_j742xlh,3,t2_5eof3,False,"*Some* FOSS is exempt, and still will need to deal with a regulative hurdle.",0.0,t1_j75plir,False,0,False,"<div class=""md""><p><em>Some</em> FOSS is exempt, and still will need to deal with a regulative hurdle.</p>
</div>",False,False,True,False,/r/opensource/comments/10siho0/open_source_and_policy_join_the_european/j75plir/,public,False,1675494216.0,t3_10siho0,r/opensource,0,1,3,True,10siho0,,,
t5_2qh4n,False,text,0,False,j76gygd,0,False,True,False,1675516407.0,True,t1_j742xlh,2,t2_8dx6uc,False,"No, it's not, see OSD section 6, fields of endeavor.  They're trying to redefine what open source means, which won't work.

https://opensource.org/osd-annotated#6",0.0,t1_j76gygd,False,0,False,"<div class=""md""><p>No, it&#39;s not, see OSD section 6, fields of endeavor.  They&#39;re trying to redefine what open source means, which won&#39;t work.</p>

<p><a href=""https://opensource.org/osd-annotated#6"">https://opensource.org/osd-annotated#6</a></p>
</div>",False,False,True,False,/r/opensource/comments/10siho0/open_source_and_policy_join_the_european/j76gygd/,public,False,1675516407.0,t3_10siho0,r/opensource,0,1,2,True,10siho0,,,
t5_2qh4n,False,text,0,False,j76aeon,0,False,True,False,1675511907.0,True,t1_j764urh,2,t2_7mlslyv0,False,"That's extremely radical, both statements, but I can't totally disagree with either...",0.0,t1_j76aeon,False,0,False,"<div class=""md""><p>That&#39;s extremely radical, both statements, but I can&#39;t totally disagree with either...</p>
</div>",False,False,True,False,/r/opensource/comments/10siho0/open_source_and_policy_join_the_european/j76aeon/,public,False,1675511907.0,t3_10siho0,r/opensource,0,1,2,True,10siho0,,,
t5_2qh4n,False,text,0,False,j77ctkw,0,False,True,False,1675530816.0,True,t1_j764urh,1,t2_2t8akjf6,False,EU is really hoping that ChatGPT is coming to rule the whole world.,0.0,t1_j77ctkw,False,0,False,"<div class=""md""><p>EU is really hoping that ChatGPT is coming to rule the whole world.</p>
</div>",False,False,True,False,/r/opensource/comments/10siho0/open_source_and_policy_join_the_european/j77ctkw/,public,False,1675530816.0,t3_10siho0,r/opensource,0,1,1,True,10siho0,,,
t5_2qh4n,False,text,0,False,j76msht,0,False,True,False,1675519636.0,True,t1_j76gygd,0,t2_ngxf7,False,"theirs licenses that alrerady do that , that dissalow use in commercial environments (CC-BY-NC-SA) for example), thats nothing new 

OSD is just a one definition  in what open source means , they dont have the last word on things",0.0,t1_j76msht,False,0,False,"<div class=""md""><p>theirs licenses that alrerady do that , that dissalow use in commercial environments (CC-BY-NC-SA) for example), thats nothing new </p>

<p>OSD is just a one definition  in what open source means , they dont have the last word on things</p>
</div>",False,False,True,False,/r/opensource/comments/10siho0/open_source_and_policy_join_the_european/j76msht/,public,False,1675519636.0,t3_10siho0,r/opensource,0,2,0,True,10siho0,,,
t5_2qh4n,False,text,0,False,j78i20p,0,False,True,False,1675548030.0,True,t1_j76msht,1,t2_5eof3,False,">OSD is just a one definition  in what open source means , they dont have the last word on things

When you describe the world as it is, you don't need ""the last word"" to be right. Source available and non-commercial is not what we *here* mean when we say Open Source.",0.0,t1_j78i20p,False,0,False,"<div class=""md""><blockquote>
<p>OSD is just a one definition  in what open source means , they dont have the last word on things</p>
</blockquote>

<p>When you describe the world as it is, you don&#39;t need &quot;the last word&quot; to be right. Source available and non-commercial is not what we <em>here</em> mean when we say Open Source.</p>
</div>",False,False,True,False,/r/opensource/comments/10siho0/open_source_and_policy_join_the_european/j78i20p/,public,False,1675548030.0,t3_10siho0,r/opensource,0,3,1,True,10siho0,,,
t5_2qh4n,False,text,0,False,j869h3d,0,False,False,False,1676157403.0,True,t3_1100rlu,9,t2_tgesu,False,"Thunderbird on PC

FairEmail (or k9) on Android

On iOS there is noch open source mail client afaik.",0.0,t1_j869h3d,False,0,False,"<div class=""md""><p>Thunderbird on PC</p>

<p>FairEmail (or k9) on Android</p>

<p>On iOS there is noch open source mail client afaik.</p>
</div>",False,False,True,False,/r/opensource/comments/1100rlu/best_opensource_email_client/j869h3d/,public,False,1676157403.0,t3_1100rlu,r/opensource,0,0,9,True,1100rlu,,,
t5_2qh4n,False,text,0,False,j86cor9,0,False,False,False,1676158824.0,True,t3_1100rlu,8,t2_r5roe3ro,False,"I use gnome evolution, idk if I'd call it the best option, but I use it for calendars and email at work and it just works.",0.0,t1_j86cor9,False,0,False,"<div class=""md""><p>I use gnome evolution, idk if I&#39;d call it the best option, but I use it for calendars and email at work and it just works.</p>
</div>",False,False,True,False,/r/opensource/comments/1100rlu/best_opensource_email_client/j86cor9/,public,False,1676158824.0,t3_1100rlu,r/opensource,0,0,8,True,1100rlu,,,
t5_2qh4n,False,text,0,False,j86w4yr,0,False,False,False,1676167989.0,True,t3_1100rlu,7,t2_93jut5e0,False,"If you're referring to email service proper, I would recommend Proton Mail or Tutanota.

For a client, Thunderbird and Evolution are great on Linux. Thunderbird is also awesome on Windows.",0.0,t1_j86w4yr,False,0,False,"<div class=""md""><p>If you&#39;re referring to email service proper, I would recommend Proton Mail or Tutanota.</p>

<p>For a client, Thunderbird and Evolution are great on Linux. Thunderbird is also awesome on Windows.</p>
</div>",False,False,True,False,/r/opensource/comments/1100rlu/best_opensource_email_client/j86w4yr/,public,False,1676167989.0,t3_1100rlu,r/opensource,0,0,7,True,1100rlu,,,
t5_2qh4n,False,text,0,False,j8dnkxi,0,False,True,False,1676301623.0,True,t3_1100rlu,1,t2_83q8tqgr,False,"There are several good open-source email clients available, here are some popular options:  
  
Mozilla Thunderbird: This is a free, open-source email client developed by the Mozilla Foundation. It's a highly customizable email client that is feature-rich and has a large user community, making it a great choice for many users.  
  
Geary: This is an open-source email client for the GNOME desktop environment. It has a simple and intuitive interface, and it's designed to be fast and lightweight.  
  
K-9 Mail: This is an open-source email client for Android that is highly customizable and has a large user community.  
  
Nylas N1: This is a modern, open-source email client that is designed to work with all major email providers. It has a beautiful interface and is highly customizable, making it a great choice for many users.  
  
Ultimately, the best open-source email client for you will depend on your specific needs and preferences. Consider trying out a few options to see which one works best for you.",0.0,t1_j8dnkxi,False,0,False,"<div class=""md""><p>There are several good open-source email clients available, here are some popular options:</p>

<p>Mozilla Thunderbird: This is a free, open-source email client developed by the Mozilla Foundation. It&#39;s a highly customizable email client that is feature-rich and has a large user community, making it a great choice for many users.</p>

<p>Geary: This is an open-source email client for the GNOME desktop environment. It has a simple and intuitive interface, and it&#39;s designed to be fast and lightweight.</p>

<p>K-9 Mail: This is an open-source email client for Android that is highly customizable and has a large user community.</p>

<p>Nylas N1: This is a modern, open-source email client that is designed to work with all major email providers. It has a beautiful interface and is highly customizable, making it a great choice for many users.</p>

<p>Ultimately, the best open-source email client for you will depend on your specific needs and preferences. Consider trying out a few options to see which one works best for you.</p>
</div>",False,False,True,False,/r/opensource/comments/1100rlu/best_opensource_email_client/j8dnkxi/,public,False,1676301623.0,t3_1100rlu,r/opensource,0,0,1,True,1100rlu,,,
t5_2qh4n,False,text,0,False,j8gfhr1,0,False,True,False,1676343116.0,True,t1_j869h3d,1,t2_8mar0,False,"Yup, FairEmail also supports S/MIME, not very common for mobile email devices.",0.0,t1_j8gfhr1,False,0,False,"<div class=""md""><p>Yup, FairEmail also supports S/MIME, not very common for mobile email devices.</p>
</div>",False,True,True,False,/r/opensource/comments/1100rlu/best_opensource_email_client/j8gfhr1/,public,False,1676343116.0,t3_1100rlu,r/opensource,0,1,1,True,1100rlu,,,
t5_2qh4n,False,text,0,False,j8gfa5y,0,False,False,False,1676343018.0,True,t1_j8dnkxi,3,t2_8mar0,False,Is this a ChatGPT reply?,0.0,t1_j8gfa5y,False,0,False,"<div class=""md""><p>Is this a ChatGPT reply?</p>
</div>",False,True,True,False,/r/opensource/comments/1100rlu/best_opensource_email_client/j8gfa5y/,public,False,1676343018.0,t3_1100rlu,r/opensource,0,1,3,True,1100rlu,,,
t5_2qh4n,False,text,0,False,j9zgj1j,0,False,True,False,1677349650.0,True,t1_j8gfa5y,1,t2_2xk4w29,False,"It definitely is, I've asked ChatGPT an hour ago and the last phrase was similar to what it has told me too",0.0,t1_j9zgj1j,False,0,False,"<div class=""md""><p>It definitely is, I&#39;ve asked ChatGPT an hour ago and the last phrase was similar to what it has told me too</p>
</div>",False,False,True,False,/r/opensource/comments/1100rlu/best_opensource_email_client/j9zgj1j/,public,False,1677349650.0,t3_1100rlu,r/opensource,0,2,1,True,1100rlu,,,
t5_2qh4n,False,text,0,False,iyzryy6,0,False,False,False,1670242607.0,True,t3_zd4zgi,9,t2_52y5v,False,"Joplin is good alternative to onenote or even Nextcloud notes. Now generally speaking OneNote is just a note taking app. I don't know if there is out there any clone of OneNote. But, for the most part Joplin will suffice.",0.0,t1_iyzryy6,False,0,False,"<div class=""md""><p>Joplin is good alternative to onenote or even Nextcloud notes. Now generally speaking OneNote is just a note taking app. I don&#39;t know if there is out there any clone of OneNote. But, for the most part Joplin will suffice.</p>
</div>",False,False,True,False,/r/opensource/comments/zd4zgi/is_it_possible_to_make_an_app_like_onenote/iyzryy6/,public,False,1670242607.0,t3_zd4zgi,r/opensource,0,0,9,True,zd4zgi,,,
t5_2qh4n,False,text,0,False,iz0iqbv,0,False,True,False,1670256165.0,True,t3_zd4zgi,8,t2_4r7bodly,False,[TreeSheets](https://strlen.com/treesheets/),0.0,t1_iz0iqbv,False,0,False,"<div class=""md""><p><a href=""https://strlen.com/treesheets/"">TreeSheets</a></p>
</div>",False,False,True,False,/r/opensource/comments/zd4zgi/is_it_possible_to_make_an_app_like_onenote/iz0iqbv/,public,False,1670256165.0,t3_zd4zgi,r/opensource,0,0,8,True,zd4zgi,,,
t5_2qh4n,False,text,0,False,iz099lm,0,False,False,False,1670252096.0,True,t3_zd4zgi,6,t2_av9kxjka,False,"I know many people who used OneNote on Windows and now use Xournal++ on Linux for the same usecase:
https://xournalpp.github.io/",0.0,t1_iz099lm,False,0,False,"<div class=""md""><p>I know many people who used OneNote on Windows and now use Xournal++ on Linux for the same usecase:
<a href=""https://xournalpp.github.io/"">https://xournalpp.github.io/</a></p>
</div>",False,False,True,False,/r/opensource/comments/zd4zgi/is_it_possible_to_make_an_app_like_onenote/iz099lm/,public,False,1670252096.0,t3_zd4zgi,r/opensource,0,0,6,True,zd4zgi,,,
t5_2qh4n,False,text,0,False,iz006uv,0,False,False,False,1670247642.0,True,t3_zd4zgi,4,t2_8q7zq,False,"IDK why, but there is not a single good substitute for OneNote out there.  Iâ€™ve looked for one at least once a year for like the last decadeâ€¦no luck.

IMHO itâ€™s the best thing MSFT has ever done, so naturally itâ€™s treated like a red headed step child.",0.0,t1_iz006uv,False,0,False,"<div class=""md""><p>IDK why, but there is not a single good substitute for OneNote out there.  Iâ€™ve looked for one at least once a year for like the last decadeâ€¦no luck.</p>

<p>IMHO itâ€™s the best thing MSFT has ever done, so naturally itâ€™s treated like a red headed step child.</p>
</div>",False,False,True,False,/r/opensource/comments/zd4zgi/is_it_possible_to_make_an_app_like_onenote/iz006uv/,public,False,1670247642.0,t3_zd4zgi,r/opensource,0,0,4,True,zd4zgi,,,
t5_2qh4n,False,text,0,False,iyzuksr,0,False,False,False,1670244317.0,True,t3_zd4zgi,4,t2_3jw5x6fi,False,"Rnote at least has infinite canvas, but I don't know whether its really an alternative, never used any of both",0.0,t1_iyzuksr,False,0,False,"<div class=""md""><p>Rnote at least has infinite canvas, but I don&#39;t know whether its really an alternative, never used any of both</p>
</div>",False,False,True,False,/r/opensource/comments/zd4zgi/is_it_possible_to_make_an_app_like_onenote/iyzuksr/,public,False,1670244317.0,t3_zd4zgi,r/opensource,0,0,4,True,zd4zgi,,,
t5_2qh4n,False,text,0,False,iz02pb2,0,False,False,False,1670248968.0,True,t3_zd4zgi,4,t2_16swpz5,False,"What is it that people find so good about Onenote? I've barely used it, but I fail to see the appeal.",0.0,t1_iz02pb2,False,0,False,"<div class=""md""><p>What is it that people find so good about Onenote? I&#39;ve barely used it, but I fail to see the appeal.</p>
</div>",False,False,True,False,/r/opensource/comments/zd4zgi/is_it_possible_to_make_an_app_like_onenote/iz02pb2/,public,False,1670248968.0,t3_zd4zgi,r/opensource,0,0,4,True,zd4zgi,,,
t5_2qh4n,False,text,0,False,iziyyzg,0,False,True,False,1670592871.0,True,t3_zd4zgi,3,t2_ou841crn,False,"Those two are open source and have infinite canvas:

https://github.com/mbrlabs/Lorien

https://getmicropad.com/",0.0,t1_iziyyzg,False,0,False,"<div class=""md""><p>Those two are open source and have infinite canvas:</p>

<p><a href=""https://github.com/mbrlabs/Lorien"">https://github.com/mbrlabs/Lorien</a></p>

<p><a href=""https://getmicropad.com/"">https://getmicropad.com/</a></p>
</div>",False,False,True,False,/r/opensource/comments/zd4zgi/is_it_possible_to_make_an_app_like_onenote/iziyyzg/,public,False,1670592871.0,t3_zd4zgi,r/opensource,0,0,3,True,zd4zgi,,,
t5_2qh4n,False,,0,False,iz1n9rg,0,False,True,False,1670271899.0,True,t3_zd4zgi,2,,True,[deleted],0.0,t1_iz1n9rg,False,0,,"<div class=""md""><p>[deleted]</p>
</div>",False,,True,False,/r/opensource/comments/zd4zgi/is_it_possible_to_make_an_app_like_onenote/iz1n9rg/,public,False,1670271899.0,t3_zd4zgi,r/opensource,0,0,2,True,zd4zgi,,dark,DELETED
t5_2qh4n,False,text,0,False,iz33jb3,0,False,True,False,1670294337.0,True,t3_zd4zgi,2,t2_kjr6f,False,https://alternativeto.net/software/microsoft-onenote/?license=opensource,0.0,t1_iz33jb3,False,0,False,"<div class=""md""><p><a href=""https://alternativeto.net/software/microsoft-onenote/?license=opensource"">https://alternativeto.net/software/microsoft-onenote/?license=opensource</a></p>
</div>",False,False,True,False,/r/opensource/comments/zd4zgi/is_it_possible_to_make_an_app_like_onenote/iz33jb3/,public,False,1670294337.0,t3_zd4zgi,r/opensource,0,0,2,True,zd4zgi,,,
t5_2qh4n,False,,0,False,iz3upm3,0,False,True,False,1670310072.0,True,t3_zd4zgi,1,,False,Logseq,0.0,t1_iz3upm3,False,0,,"<div class=""md""><p>Logseq</p>
</div>",False,,False,False,/r/opensource/comments/zd4zgi/is_it_possible_to_make_an_app_like_onenote/iz3upm3/,public,False,1670310072.0,t3_zd4zgi,r/opensource,0,0,1,True,zd4zgi,,dark,
t5_2qh4n,False,text,0,False,iz2m39b,0,False,True,False,1670286377.0,True,t3_zd4zgi,0,t2_kjr6f,False,Obsidian is a great alternative to OneNote!,0.0,t1_iz2m39b,False,0,False,"<div class=""md""><p>Obsidian is a great alternative to OneNote!</p>
</div>",False,False,True,False,/r/opensource/comments/zd4zgi/is_it_possible_to_make_an_app_like_onenote/iz2m39b/,public,False,1670286377.0,t3_zd4zgi,r/opensource,0,0,0,True,zd4zgi,,,
t5_2qh4n,False,text,0,False,iyzt5qk,0,False,False,False,1670243406.0,True,t1_iyzryy6,7,t2_oyaj6unp,False,"Ngl I've tried almost every alternative note taking application but none of them have the infinite horizontal canvas and the ""take a note wherever"" layout.

OneNote is like a Mind Map app for Notes.

I LOVE that and I need it. ðŸ¥¹",0.0,t1_iyzt5qk,True,0,False,"<div class=""md""><p>Ngl I&#39;ve tried almost every alternative note taking application but none of them have the infinite horizontal canvas and the &quot;take a note wherever&quot; layout.</p>

<p>OneNote is like a Mind Map app for Notes.</p>

<p>I LOVE that and I need it. ðŸ¥¹</p>
</div>",False,False,True,False,/r/opensource/comments/zd4zgi/is_it_possible_to_make_an_app_like_onenote/iyzt5qk/,public,False,1670243406.0,t3_zd4zgi,r/opensource,0,1,7,True,zd4zgi,,,
t5_2qh4n,False,text,0,False,iz0klsg,0,False,True,False,1670256940.0,True,t1_iz0iqbv,3,t2_oyaj6unp,False,Holy shit. This is actually pretty cool. I have got to check this out.,0.0,t1_iz0klsg,True,0,False,"<div class=""md""><p>Holy shit. This is actually pretty cool. I have got to check this out.</p>
</div>",False,False,True,False,/r/opensource/comments/zd4zgi/is_it_possible_to_make_an_app_like_onenote/iz0klsg/,public,False,1670256940.0,t3_zd4zgi,r/opensource,0,1,3,True,zd4zgi,,,
t5_2qh4n,False,text,0,False,iz2sdkd,0,False,True,False,1670289247.0,True,t1_iz0iqbv,1,t2_wrnvz,False,Where has that been all my life! This should be more popular,0.0,t1_iz2sdkd,False,0,False,"<div class=""md""><p>Where has that been all my life! This should be more popular</p>
</div>",False,False,True,False,/r/opensource/comments/zd4zgi/is_it_possible_to_make_an_app_like_onenote/iz2sdkd/,public,False,1670289247.0,t3_zd4zgi,r/opensource,0,1,1,True,zd4zgi,,,
t5_2qh4n,False,text,0,False,iz0ft1u,0,False,False,False,1670254980.0,True,t1_iz099lm,4,t2_oyaj6unp,False,"damn thanks. Lemme check.

Edit: Okay so I checked... Yeah it's kind of a journaling app with PDF annotation and stuff. But it's still not really what I wanted.
Thanks anyway man.",1670255438.0,t1_iz0ft1u,True,0,False,"<div class=""md""><p>damn thanks. Lemme check.</p>

<p>Edit: Okay so I checked... Yeah it&#39;s kind of a journaling app with PDF annotation and stuff. But it&#39;s still not really what I wanted.
Thanks anyway man.</p>
</div>",False,False,True,False,/r/opensource/comments/zd4zgi/is_it_possible_to_make_an_app_like_onenote/iz0ft1u/,public,False,1670254980.0,t3_zd4zgi,r/opensource,0,1,4,True,zd4zgi,,,
t5_2qh4n,False,text,0,False,iz01xye,0,False,True,False,1670248572.0,True,t1_iz006uv,3,t2_oyaj6unp,False,"I KNOW RIGHT?!
I am SO pained about how MSFT handles OneNote OMG.

Simple shit... Like NO HORIZONTAL SCROLL?! SERIOUSLY MSFT?? ON AN INFINITE CANVAS NOTE TAKING APPLICATION?!",0.0,t1_iz01xye,True,0,False,"<div class=""md""><p>I KNOW RIGHT?!
I am SO pained about how MSFT handles OneNote OMG.</p>

<p>Simple shit... Like NO HORIZONTAL SCROLL?! SERIOUSLY MSFT?? ON AN INFINITE CANVAS NOTE TAKING APPLICATION?!</p>
</div>",False,False,True,False,/r/opensource/comments/zd4zgi/is_it_possible_to_make_an_app_like_onenote/iz01xye/,public,False,1670248572.0,t3_zd4zgi,r/opensource,0,1,3,True,zd4zgi,,,
t5_2qh4n,False,text,0,False,iyzvplr,0,False,False,False,1670245019.0,True,t1_iyzuksr,3,t2_oyaj6unp,False,"Lemme check...

Edit: No it's more a handwritten notes and sketches app. OneNote is more of that AND typed notes.
Also OneNote has horizontal and vertical infinite canvas where you can add notes wherever you want.",0.0,t1_iyzvplr,True,0,False,"<div class=""md""><p>Lemme check...</p>

<p>Edit: No it&#39;s more a handwritten notes and sketches app. OneNote is more of that AND typed notes.
Also OneNote has horizontal and vertical infinite canvas where you can add notes wherever you want.</p>
</div>",False,False,True,False,/r/opensource/comments/zd4zgi/is_it_possible_to_make_an_app_like_onenote/iyzvplr/,public,False,1670245019.0,t3_zd4zgi,r/opensource,0,1,3,True,zd4zgi,,,
t5_2qh4n,False,text,0,False,iz058au,0,False,False,False,1670250217.0,True,t1_iz02pb2,5,t2_oyaj6unp,False,"So, I'll try my best to explain. 
OneNote is kind of a superpowered hybrid between mindmaps and notes.

You have Notebooks, which contain sections, that contain pages. Each page, section and notebook have a link you can use to backlink to your preferred piece of information.
Now, instead of a vertical scroll, OneNote has, what I call, an infinite note canvas. So you can place notes literally wherever. Which is why I said

> OneNote is kind of a superpowered hybrid between mindmaps and notes.

Now, the biggest thing is it's really great to scratch out ideas randomly. So in that sense, it's a wall. For example, let's say I'm working on a paper, where I have the points I want to talk about but not all the details.

So, I just click somewhere, type out a title, and do the same for all the other points without having to wait to finish the first one.

It helps me push things forward for me because my brain runs on multiple tracks sometimes and OneNote just let's me keep it on the same wall, but not let it disturb my flow.

Idk how well that translates to you but this is how OneNote helps me. 

It's really a preference thing for sure. But in my case, it's life or death. The only reason I don't use it on Android is because the Android app sucks balls. It did before the UI overhaul, and it sucks even more now. But that's a Microsoft problem, really.",0.0,t1_iz058au,True,0,False,"<div class=""md""><p>So, I&#39;ll try my best to explain. 
OneNote is kind of a superpowered hybrid between mindmaps and notes.</p>

<p>You have Notebooks, which contain sections, that contain pages. Each page, section and notebook have a link you can use to backlink to your preferred piece of information.
Now, instead of a vertical scroll, OneNote has, what I call, an infinite note canvas. So you can place notes literally wherever. Which is why I said</p>

<blockquote>
<p>OneNote is kind of a superpowered hybrid between mindmaps and notes.</p>
</blockquote>

<p>Now, the biggest thing is it&#39;s really great to scratch out ideas randomly. So in that sense, it&#39;s a wall. For example, let&#39;s say I&#39;m working on a paper, where I have the points I want to talk about but not all the details.</p>

<p>So, I just click somewhere, type out a title, and do the same for all the other points without having to wait to finish the first one.</p>

<p>It helps me push things forward for me because my brain runs on multiple tracks sometimes and OneNote just let&#39;s me keep it on the same wall, but not let it disturb my flow.</p>

<p>Idk how well that translates to you but this is how OneNote helps me. </p>

<p>It&#39;s really a preference thing for sure. But in my case, it&#39;s life or death. The only reason I don&#39;t use it on Android is because the Android app sucks balls. It did before the UI overhaul, and it sucks even more now. But that&#39;s a Microsoft problem, really.</p>
</div>",False,False,True,False,/r/opensource/comments/zd4zgi/is_it_possible_to_make_an_app_like_onenote/iz058au/,public,False,1670250217.0,t3_zd4zgi,r/opensource,0,1,5,True,zd4zgi,,,
t5_2qh4n,False,text,0,False,izizcy5,0,False,True,False,1670593062.0,True,t1_iziyyzg,1,t2_oyaj6unp,False,"I'll check. Thanks man.

Edit:
Micropad is interesting but each type of media is separate. So I can't have a text field with images in it. It's gotta be separate fields for everything.",1670601848.0,t1_izizcy5,True,0,False,"<div class=""md""><p>I&#39;ll check. Thanks man.</p>

<p>Edit:
Micropad is interesting but each type of media is separate. So I can&#39;t have a text field with images in it. It&#39;s gotta be separate fields for everything.</p>
</div>",False,False,True,False,/r/opensource/comments/zd4zgi/is_it_possible_to_make_an_app_like_onenote/izizcy5/,public,False,1670593062.0,t3_zd4zgi,r/opensource,0,1,1,True,zd4zgi,,,
t5_2qh4n,False,text,0,False,iz1r24l,0,False,True,False,1670273352.0,True,t1_iz1n9rg,1,t2_oyaj6unp,False,"This is amazing, man.
I'm gonna go ahead and look into this. Thanks.",0.0,t1_iz1r24l,True,0,False,"<div class=""md""><p>This is amazing, man.
I&#39;m gonna go ahead and look into this. Thanks.</p>
</div>",False,False,True,False,/r/opensource/comments/zd4zgi/is_it_possible_to_make_an_app_like_onenote/iz1r24l/,public,False,1670273352.0,t3_zd4zgi,r/opensource,0,1,1,True,zd4zgi,,,
t5_2qh4n,False,text,0,False,izgx9lr,0,False,True,False,1670546928.0,True,t1_iz1n9rg,1,t2_ei8rt,False,written by chatgpt,0.0,t1_izgx9lr,False,0,False,"<div class=""md""><p>written by chatgpt</p>
</div>",False,False,True,False,/r/opensource/comments/zd4zgi/is_it_possible_to_make_an_app_like_onenote/izgx9lr/,public,False,1670546928.0,t3_zd4zgi,r/opensource,0,1,1,True,zd4zgi,,,
t5_2qh4n,False,text,0,False,iz40hpu,0,False,True,False,1670314974.0,True,t1_iz3upm3,1,t2_oyaj6unp,False,"Sorry, I'm a noob about this. What's logseq?",0.0,t1_iz40hpu,True,0,False,"<div class=""md""><p>Sorry, I&#39;m a noob about this. What&#39;s logseq?</p>
</div>",False,False,True,False,/r/opensource/comments/zd4zgi/is_it_possible_to_make_an_app_like_onenote/iz40hpu/,public,False,1670314974.0,t3_zd4zgi,r/opensource,0,1,1,True,zd4zgi,,,
t5_2qh4n,False,text,0,False,iz32nfk,0,False,True,False,1670293936.0,True,t1_iz2m39b,1,t2_n842w,False,Didn't read did ya? It's not even open source. How'd u get get here?,0.0,t1_iz32nfk,False,0,False,"<div class=""md""><p>Didn&#39;t read did ya? It&#39;s not even open source. How&#39;d u get get here?</p>
</div>",False,False,True,False,/r/opensource/comments/zd4zgi/is_it_possible_to_make_an_app_like_onenote/iz32nfk/,public,False,1670293936.0,t3_zd4zgi,r/opensource,0,1,1,True,zd4zgi,,,
t5_2qh4n,False,text,0,False,iz36t6r,0,False,True,False,1670295893.0,True,t1_iz2m39b,1,t2_oyaj6unp,False,"Obsidian is an incredible tool. But it's not open source and, while it's a powerful tool, it's still missing the infinite canvas feature. 

But thanks for the suggestion.",0.0,t1_iz36t6r,True,0,False,"<div class=""md""><p>Obsidian is an incredible tool. But it&#39;s not open source and, while it&#39;s a powerful tool, it&#39;s still missing the infinite canvas feature. </p>

<p>But thanks for the suggestion.</p>
</div>",False,False,True,False,/r/opensource/comments/zd4zgi/is_it_possible_to_make_an_app_like_onenote/iz36t6r/,public,False,1670295893.0,t3_zd4zgi,r/opensource,0,1,1,True,zd4zgi,,,
t5_2qh4n,False,text,0,False,iz094y0,0,False,False,False,1670252037.0,True,t1_iyzt5qk,6,t2_12fj0l,False,"whoa, lets bring it down a notch. ""LOVE"" is a strong word to describe 1s and 0s running on a sheet of metal and pcb",0.0,t1_iz094y0,False,0,False,"<div class=""md""><p>whoa, lets bring it down a notch. &quot;LOVE&quot; is a strong word to describe 1s and 0s running on a sheet of metal and pcb</p>
</div>",False,False,True,False,/r/opensource/comments/zd4zgi/is_it_possible_to_make_an_app_like_onenote/iz094y0/,public,False,1670252037.0,t3_zd4zgi,r/opensource,0,2,6,True,zd4zgi,,,
t5_2qh4n,False,text,0,False,iz07hxw,0,False,True,False,1670251281.0,True,t1_iz058au,2,t2_16swpz5,False,"I think I get you - I have a similar app on my mac that really helps me make things a lot clearer for me. It's called Mindnode, but it sounds like it wouldn't be a great fit for you thoughðŸ˜• 


Anyway, should absolutely be some sort of open source alternative to One Note - but yeah, I don't know of one...",0.0,t1_iz07hxw,False,0,False,"<div class=""md""><p>I think I get you - I have a similar app on my mac that really helps me make things a lot clearer for me. It&#39;s called Mindnode, but it sounds like it wouldn&#39;t be a great fit for you thoughðŸ˜• </p>

<p>Anyway, should absolutely be some sort of open source alternative to One Note - but yeah, I don&#39;t know of one...</p>
</div>",False,False,True,False,/r/opensource/comments/zd4zgi/is_it_possible_to_make_an_app_like_onenote/iz07hxw/,public,False,1670251281.0,t3_zd4zgi,r/opensource,0,2,2,True,zd4zgi,,,
t5_2qh4n,False,text,0,False,iz48qqt,0,False,True,False,1670322634.0,True,t1_iz1r24l,1,t2_9b2b9wmu,False,good luck!,0.0,t1_iz48qqt,False,0,False,"<div class=""md""><p>good luck!</p>
</div>",False,True,True,False,/r/opensource/comments/zd4zgi/is_it_possible_to_make_an_app_like_onenote/iz48qqt/,public,False,1670322634.0,t3_zd4zgi,r/opensource,0,2,1,True,zd4zgi,,,
t5_2qh4n,False,,0,False,iz40m5w,0,False,True,False,1670315086.0,True,t1_iz40hpu,2,,False,Note taking app,0.0,t1_iz40m5w,False,0,,"<div class=""md""><p>Note taking app</p>
</div>",False,,False,False,/r/opensource/comments/zd4zgi/is_it_possible_to_make_an_app_like_onenote/iz40m5w/,public,False,1670315086.0,t3_zd4zgi,r/opensource,0,2,2,True,zd4zgi,,dark,
t5_2qh4n,False,text,0,False,iz33i3k,0,False,True,False,1670294322.0,True,t1_iz32nfk,1,t2_kjr6f,False,"You are right, just checked it is not open source. Thanks for the correction.",0.0,t1_iz33i3k,False,0,False,"<div class=""md""><p>You are right, just checked it is not open source. Thanks for the correction.</p>
</div>",False,False,True,False,/r/opensource/comments/zd4zgi/is_it_possible_to_make_an_app_like_onenote/iz33i3k/,public,False,1670294322.0,t3_zd4zgi,r/opensource,0,2,1,True,zd4zgi,,,
t5_2qh4n,False,text,0,False,iz5xv7w,0,False,True,False,1670352449.0,True,t1_iz36t6r,2,t2_kjr6f,False,Infinite canvas is coming soon in Obsidian but offcourse not opensource: https://forum.obsidian.md/t/obsidian-release-v1-1-0-insider-build/48954,0.0,t1_iz5xv7w,False,0,False,"<div class=""md""><p>Infinite canvas is coming soon in Obsidian but offcourse not opensource: <a href=""https://forum.obsidian.md/t/obsidian-release-v1-1-0-insider-build/48954"">https://forum.obsidian.md/t/obsidian-release-v1-1-0-insider-build/48954</a></p>
</div>",False,False,True,False,/r/opensource/comments/zd4zgi/is_it_possible_to_make_an_app_like_onenote/iz5xv7w/,public,False,1670352449.0,t3_zd4zgi,r/opensource,0,2,2,True,zd4zgi,,,
t5_2qh4n,False,text,0,False,iz0fram,0,False,False,False,1670254960.0,True,t1_iz094y0,7,t2_oyaj6unp,False,"Just because you don't understand it, doesn't mean it ain't real ðŸ˜­.

/s",0.0,t1_iz0fram,True,0,False,"<div class=""md""><p>Just because you don&#39;t understand it, doesn&#39;t mean it ain&#39;t real ðŸ˜­.</p>

<p>/s</p>
</div>",False,False,True,False,/r/opensource/comments/zd4zgi/is_it_possible_to_make_an_app_like_onenote/iz0fram/,public,False,1670254960.0,t3_zd4zgi,r/opensource,0,3,7,True,zd4zgi,,,
t5_2qh4n,False,text,0,False,iz25js7,0,False,False,False,1670279172.0,True,t1_iz094y0,4,t2_9xojsrar,False,"It's a strong word to describe walking blobs of mostly water and complicated carbon too, yet here we are.",0.0,t1_iz25js7,False,0,False,"<div class=""md""><p>It&#39;s a strong word to describe walking blobs of mostly water and complicated carbon too, yet here we are.</p>
</div>",False,False,True,False,/r/opensource/comments/zd4zgi/is_it_possible_to_make_an_app_like_onenote/iz25js7/,public,False,1670279172.0,t3_zd4zgi,r/opensource,0,3,4,True,zd4zgi,,,
t5_2qh4n,False,text,0,False,iz0ha59,0,False,True,False,1670255577.0,True,t1_iz07hxw,3,t2_oyaj6unp,False,"Mindnode... I'll check. Is it a Mac-only app?

Also, yes. There is absolutely a need for an open source alternative to OneNote.

Edit: it is Apple Only. Sed lyf.",0.0,t1_iz0ha59,True,0,False,"<div class=""md""><p>Mindnode... I&#39;ll check. Is it a Mac-only app?</p>

<p>Also, yes. There is absolutely a need for an open source alternative to OneNote.</p>

<p>Edit: it is Apple Only. Sed lyf.</p>
</div>",False,False,True,False,/r/opensource/comments/zd4zgi/is_it_possible_to_make_an_app_like_onenote/iz0ha59/,public,False,1670255577.0,t3_zd4zgi,r/opensource,0,3,3,True,zd4zgi,,,
t5_2qh4n,False,text,0,False,iz416aq,0,False,True,False,1670315602.0,True,t1_iz40m5w,1,t2_oyaj6unp,False,Interesting. Let me check.,0.0,t1_iz416aq,True,0,False,"<div class=""md""><p>Interesting. Let me check.</p>
</div>",False,False,True,False,/r/opensource/comments/zd4zgi/is_it_possible_to_make_an_app_like_onenote/iz416aq/,public,False,1670315602.0,t3_zd4zgi,r/opensource,0,3,1,True,zd4zgi,,,
t5_2qh4n,False,text,0,False,iz4f993,0,False,True,False,1670327902.0,True,t1_iz40m5w,1,t2_oyaj6unp,False,Is logseq being used in Obsidian? I swear I've seen this UI or atleast this layout in Obsidian.,0.0,t1_iz4f993,True,0,False,"<div class=""md""><p>Is logseq being used in Obsidian? I swear I&#39;ve seen this UI or atleast this layout in Obsidian.</p>
</div>",False,False,True,False,/r/opensource/comments/zd4zgi/is_it_possible_to_make_an_app_like_onenote/iz4f993/,public,False,1670327902.0,t3_zd4zgi,r/opensource,0,3,1,True,zd4zgi,,,
t5_2qh4n,False,text,0,False,iz60hea,0,False,True,False,1670353452.0,True,t1_iz5xv7w,1,t2_oyaj6unp,False,"BRO HOLY SHIT!
Okay so I'm a bit unhappy it's not open but it's still an alternative. A beautiful start ðŸ¤ŒðŸ¼",0.0,t1_iz60hea,True,0,False,"<div class=""md""><p>BRO HOLY SHIT!
Okay so I&#39;m a bit unhappy it&#39;s not open but it&#39;s still an alternative. A beautiful start ðŸ¤ŒðŸ¼</p>
</div>",False,False,True,False,/r/opensource/comments/zd4zgi/is_it_possible_to_make_an_app_like_onenote/iz60hea/,public,False,1670353452.0,t3_zd4zgi,r/opensource,0,3,1,True,zd4zgi,,,
t5_2qh4n,False,text,0,False,iz0znjq,0,False,True,False,1670262808.0,True,t1_iz0ha59,2,t2_16swpz5,False,"Aw, typical. I feel you. Need my tools to be able to function the best.",0.0,t1_iz0znjq,False,0,False,"<div class=""md""><p>Aw, typical. I feel you. Need my tools to be able to function the best.</p>
</div>",False,False,True,False,/r/opensource/comments/zd4zgi/is_it_possible_to_make_an_app_like_onenote/iz0znjq/,public,False,1670262808.0,t3_zd4zgi,r/opensource,0,4,2,True,zd4zgi,,,
