comment_limit,comment_sort,selftext,author_fullname,saved,gilded,clicked,title,subreddit_name_prefixed,hidden,pwls,downs,thumbnail_height,hide_score,name,quarantine,link_flair_text_color,upvote_ratio,subreddit_type,ups,total_awards_received,thumbnail_width,is_original_content,is_reddit_media_domain,is_meta,can_mod_post,score,is_created_from_ads_ui,author_premium,thumbnail,edited,post_hint,is_self,created,link_flair_type,wls,author_flair_type,domain,allow_live_comments,url_overridden_by_dest,archived,no_follow,is_crosspostable,pinned,over_18,media_only,can_gild,spoiler,locked,visited,subreddit_id,author_is_blocked,link_flair_background_color,id,is_robot_indexable,num_comments,send_replies,whitelist_status,contest_mode,author_patreon_flair,permalink,parent_whitelist_status,stickied,url,subreddit_subscribers,created_utc,num_crossposts,is_video,_fetched,selftext_html
2048,confidence,,t2_7qh8qcl8,False,0,False,ChatGPT and Software Architecture,r/coding,False,6,0,92.0,False,t3_10sb9vx,False,dark,0.91,public,129,0,140.0,False,False,False,False,129,False,False,https://b.thumbs.redditmedia.com/tl6OS2hASMxN4eUvkFKycpFhGMTfkMcFjz8cZWWTh1o.jpg,False,link,False,1675399179.0,text,6,text,betterprogramming.pub,True,https://betterprogramming.pub/chatgpt-and-software-architecture-308b6e0cc25a,False,False,False,False,False,False,False,False,False,False,t5_2rb2y,False,,10sb9vx,True,3,False,all_ads,False,False,/r/coding/comments/10sb9vx/chatgpt_and_software_architecture/,all_ads,False,https://betterprogramming.pub/chatgpt-and-software-architecture-308b6e0cc25a,482910,1675399179.0,0,False,False,
2048,confidence,,t2_9iwtlger,False,0,False,GitHub - filippofinke/WordGPT: ðŸ¤– Bring the power of ChatGPT to Microsoft Word,r/coding,False,6,0,70.0,False,t3_11eh7xc,False,dark,0.2,public,0,0,140.0,False,False,False,False,0,False,False,https://b.thumbs.redditmedia.com/9Tagapg8CyYUalA637QJW1EKMGcMYMZezdPQW4DRBYI.jpg,False,link,False,1677611979.0,text,6,text,github.com,False,https://github.com/filippofinke/WordGPT,False,True,False,False,False,False,False,False,False,False,t5_2rb2y,False,,11eh7xc,True,0,True,all_ads,False,False,/r/coding/comments/11eh7xc/github_filippofinkewordgpt_bring_the_power_of/,all_ads,False,https://github.com/filippofinke/WordGPT,482910,1677611979.0,0,False,False,
2048,confidence,,t2_7ccf,False,0,False,A ChatGPT Job Interview for a Scrum Master Position,r/coding,False,6,0,70.0,False,t3_10kx8b4,False,dark,0.33,public,0,0,140.0,False,False,False,False,0,False,True,https://b.thumbs.redditmedia.com/Rv-LGmF72HDMQd3_k_2yOCxSXm7AmhXP1_4Ds5cDc1A.jpg,False,link,False,1674648728.0,text,6,text,scrum.org,False,https://www.scrum.org/resources/blog/chatgpt-job-interview-scrum-master-position,False,True,False,False,False,False,False,False,False,False,t5_2rb2y,False,,10kx8b4,True,0,True,all_ads,False,False,/r/coding/comments/10kx8b4/a_chatgpt_job_interview_for_a_scrum_master/,all_ads,False,https://www.scrum.org/resources/blog/chatgpt-job-interview-scrum-master-position,482910,1674648728.0,0,False,False,
2048,confidence,,t2_n6zgk,False,0,False,Wolfram|Alpha as the Way to Bring Computational Knowledge Superpowers to ChatGPT,r/coding,False,6,0,93.0,False,t3_107tznd,False,dark,0.9,public,39,0,140.0,False,False,False,False,39,False,False,https://a.thumbs.redditmedia.com/BrMvx8t0grhCipCj2vzdkMt6F7oEwfY8gN3mpbRfy68.jpg,False,link,False,1673307347.0,text,6,text,writings.stephenwolfram.com,False,https://writings.stephenwolfram.com/2023/01/wolframalpha-as-the-way-to-bring-computational-knowledge-superpowers-to-chatgpt/,False,False,False,False,False,False,False,False,False,False,t5_2rb2y,False,,107tznd,True,1,True,all_ads,False,False,/r/coding/comments/107tznd/wolframalpha_as_the_way_to_bring_computational/,all_ads,False,https://writings.stephenwolfram.com/2023/01/wolframalpha-as-the-way-to-bring-computational-knowledge-superpowers-to-chatgpt/,482910,1673307347.0,0,False,False,
2048,confidence,,t2_28tcve5m,False,0,False,I built a texting robot with ChatGPT that knows current events. TxtAva: The Ultimate AI Texting Assistant with ChatGPT,r/coding,False,6,0,105.0,False,t3_116nzne,False,dark,0.4,public,0,0,140.0,False,False,False,False,0,False,True,https://b.thumbs.redditmedia.com/9XFVLZFQ7lu_owxV5y47_eUAY0PbfLg8qSqxaiFLJvY.jpg,False,rich:video,False,1676840831.0,text,6,text,youtu.be,False,https://youtu.be/S9tTlgbhhMA,False,True,False,False,False,False,False,False,False,False,t5_2rb2y,False,,116nzne,True,1,True,all_ads,False,False,/r/coding/comments/116nzne/i_built_a_texting_robot_with_chatgpt_that_knows/,all_ads,False,https://youtu.be/S9tTlgbhhMA,482910,1676840831.0,0,False,False,
2048,confidence,,t2_5tlt7p2p,False,0,False,You can give ChatGPT a personality like lawyer or Abraham Lincoln,r/coding,False,6,0,105.0,False,t3_10tjzx6,False,dark,0.27,public,0,0,140.0,False,False,False,False,0,False,False,https://b.thumbs.redditmedia.com/Dt61GDkBvd4DGvzpLWxubHcN4GOxCUpJemm5P5cnYvQ.jpg,False,rich:video,False,1675526948.0,text,6,text,youtube.com,False,https://www.youtube.com/watch?v=FVvw8zL2FTU,False,True,False,False,False,False,False,False,False,False,t5_2rb2y,False,,10tjzx6,True,0,True,all_ads,False,False,/r/coding/comments/10tjzx6/you_can_give_chatgpt_a_personality_like_lawyer_or/,all_ads,False,https://www.youtube.com/watch?v=FVvw8zL2FTU,482910,1675526948.0,0,False,False,
2048,confidence,,t2_2whw5fzb,False,0,False,ChatGPT Can Do Astonishing Things. But Is It a Helpful Development Tool?,r/coding,False,6,0,,False,t3_zjxbzr,False,dark,0.25,public,0,0,,False,False,False,False,0,False,False,default,False,,False,1670847195.0,text,6,text,matt.si,False,https://matt.si/2022-12/chatgpt/,False,True,False,False,False,False,False,False,False,False,t5_2rb2y,False,,zjxbzr,True,8,True,all_ads,False,False,/r/coding/comments/zjxbzr/chatgpt_can_do_astonishing_things_but_is_it_a/,all_ads,False,https://matt.si/2022-12/chatgpt/,482910,1670847195.0,0,False,False,
2048,confidence,,t2_4abbdra7,False,0,False,Use ChatGPT everywhere - chrome extension that lets you select any text and run it through ChatGPT,r/coding,False,6,0,70.0,False,t3_107nz1d,False,dark,0.44,public,0,0,140.0,False,False,False,False,0,False,False,https://b.thumbs.redditmedia.com/R5v4CbRyi2sDu5G2p1zVzgOQR2oY74TYIy7xpb2lxTM.jpg,False,link,False,1673293789.0,text,6,text,github.com,False,https://github.com/mihiraggarwal/select-gpt,False,True,False,False,False,False,False,False,False,False,t5_2rb2y,False,,107nz1d,True,0,True,all_ads,False,False,/r/coding/comments/107nz1d/use_chatgpt_everywhere_chrome_extension_that_lets/,all_ads,False,https://github.com/mihiraggarwal/select-gpt,482910,1673293789.0,0,False,False,
2048,confidence,,t2_zhiq2,False,0,False,Build a Serverless ChatGPT SMS Chatbot with the OpenAI API and Node.js,r/coding,False,6,0,72.0,False,t3_107ihp7,False,dark,0.68,public,9,0,140.0,False,False,False,False,9,False,False,https://b.thumbs.redditmedia.com/zYzcywezQ_Tntcpd4w99QqQP_jU7z_PHYr6m--82Iws.jpg,False,link,False,1673281268.0,text,6,text,twilio.com,False,https://www.twilio.com/blog/sms-chatbot-openai-api-node,False,False,False,False,False,False,False,False,False,False,t5_2rb2y,False,,107ihp7,True,1,True,all_ads,False,False,/r/coding/comments/107ihp7/build_a_serverless_chatgpt_sms_chatbot_with_the/,all_ads,False,https://www.twilio.com/blog/sms-chatbot-openai-api-node,482910,1673281268.0,0,False,False,
2048,confidence,,t2_8yx80l5g,False,0,False,ChatGPT + Copilot meta 2023,r/coding,False,6,0,105.0,False,t3_1025tpn,False,dark,0.24,public,0,0,140.0,False,False,False,False,0,False,False,https://b.thumbs.redditmedia.com/i3EEIRWh-pS-sY0p9ZXTp1NGUS_HNrNSbsZ45Lnh39Q.jpg,False,link,False,1672745622.0,text,6,text,youtube.com,False,https://youtube.com/shorts/W2l5jyVkHDA?feature=share,False,True,False,False,False,False,False,False,False,False,t5_2rb2y,False,,1025tpn,True,0,True,all_ads,False,False,/r/coding/comments/1025tpn/chatgpt_copilot_meta_2023/,all_ads,False,https://youtube.com/shorts/W2l5jyVkHDA?feature=share,482910,1672745622.0,0,False,False,
2048,confidence,,t2_b1zl0uj0,False,0,False,RIP Stack Overflow. Hello ChatGPT,r/coding,False,6,0,139.0,False,t3_zhxdg5,False,dark,0.09,public,0,0,140.0,False,False,False,False,0,False,False,https://a.thumbs.redditmedia.com/7wzW8wKHmAaROGlMhtShJtsa_h16F34qwWCN3lMK4_8.jpg,False,link,False,1670691491.0,text,6,text,chat.openai.com,False,https://chat.openai.com/chat,False,True,False,False,False,False,False,False,False,False,t5_2rb2y,False,,zhxdg5,True,1,True,all_ads,False,False,/r/coding/comments/zhxdg5/rip_stack_overflow_hello_chatgpt/,all_ads,False,https://chat.openai.com/chat,482910,1670691491.0,0,False,False,
2048,confidence,,t2_1yzn27c9,False,0,False,Writing a F/C converter with the help of ChatGPT as a novice,r/coding,False,6,0,105.0,False,t3_ztl79e,False,dark,0.43,public,0,0,140.0,False,False,False,False,0,False,False,https://b.thumbs.redditmedia.com/_F-Bu59JDIfkhwJD0-jWpaWPMFj4zRopfr5_gr6IiYo.jpg,False,rich:video,False,1671812473.0,text,6,text,youtu.be,False,https://youtu.be/eD4jmR94ckM,False,True,False,False,False,False,False,False,False,False,t5_2rb2y,False,,ztl79e,True,0,True,all_ads,False,False,/r/coding/comments/ztl79e/writing_a_fc_converter_with_the_help_of_chatgpt/,all_ads,False,https://youtu.be/eD4jmR94ckM,482910,1671812473.0,0,False,False,
2048,confidence,,t2_jlunblur,False,0,False,Create Your Chat GPT-3 Web App with Streamlit in Python,r/coding,False,6,0,93.0,False,t3_10qfb8v,False,dark,0.38,public,0,0,140.0,False,False,False,False,0,False,False,https://b.thumbs.redditmedia.com/6CX8hCkOH--PaaDbz1G99e_QSMj_cs1PcSo7whF7_HA.jpg,False,link,False,1675211089.0,text,6,text,medium.com,False,https://medium.com/gitconnected/create-your-chat-gpt-3-web-app-with-streamlit-in-python-f0c6e6aede0a,False,True,False,False,False,False,False,False,False,False,t5_2rb2y,False,,10qfb8v,True,0,True,all_ads,False,False,/r/coding/comments/10qfb8v/create_your_chat_gpt3_web_app_with_streamlit_in/,all_ads,False,https://medium.com/gitconnected/create-your-chat-gpt-3-web-app-with-streamlit-in-python-f0c6e6aede0a,482910,1675211089.0,0,False,False,
2048,confidence,,t2_zhiq2,False,0,False,Build a ChatGPT-like SMS Chatbot with OpenAI and Python,r/coding,False,6,0,72.0,False,t3_10aatq3,False,dark,0.43,public,0,0,140.0,False,False,False,False,0,False,False,https://b.thumbs.redditmedia.com/q6-Zi80tTYF0sQzlKR5Qb9dZrLylqFHikAraBmnhRVo.jpg,False,link,False,1673557848.0,text,6,text,twilio.com,False,https://www.twilio.com/blog/sms-chatbot-openai-python,False,True,False,False,False,False,False,False,False,False,t5_2rb2y,False,,10aatq3,True,0,True,all_ads,False,False,/r/coding/comments/10aatq3/build_a_chatgptlike_sms_chatbot_with_openai_and/,all_ads,False,https://www.twilio.com/blog/sms-chatbot-openai-python,482910,1673557848.0,0,False,False,
2048,confidence,,t2_57wb,False,0,False,"Chatgpt on ""Riffing on triplet sum to a target""",r/coding,False,6,0,,False,t3_11cg4wq,False,dark,0.38,public,0,0,,False,False,False,False,0,False,False,default,False,,False,1677415309.0,text,6,text,paddy3118.blogspot.com,False,https://paddy3118.blogspot.com/2023/02/chatgpt-on-riffing-on-triplet-sum-to.html,False,True,False,False,False,False,False,False,False,False,t5_2rb2y,False,,11cg4wq,True,0,True,all_ads,False,False,/r/coding/comments/11cg4wq/chatgpt_on_riffing_on_triplet_sum_to_a_target/,all_ads,False,https://paddy3118.blogspot.com/2023/02/chatgpt-on-riffing-on-triplet-sum-to.html,482910,1677415309.0,0,False,False,
2048,confidence,"Have you ever gone down the rabbit hole of thinking how did the world begin, what was here before and how did a big bang just gone of nothin.  Like how does existence even exist lol.  

Anyway Iâ€™m not a programmer, im very tech and computer Saavy but by no means a programmer but it does infatuate me and something I probably should of took up when younger .. anyways I go down this same rabbit hole with programming.. like it makes no sense at all how you string a bunch of text together that to the naked eye makes no sense but a computer takes it as instruction and understands it.  

How did the very first programmed software or computer come about? You would think that there had to be code before the code for it to understand a code.  Itâ€™s them same brain frying query as the start of existence question.  

I canâ€™t even articulate my question clearly because itâ€™s so mind bogglingâ€¦ 

But basically how did someone wake up one day decide they are going to tell a computer or whatever to do something by inputting sone language they made up.  How did the first computer come to understand this input .. electronics is easy, a signal is sent via energy to make something turn on or off or whatever but coding hmmm doesnâ€™t make sense if you think of this way.. 

Just my random brain.. if anyone can break this down for me if not I guess thereâ€™s chat GPT.",t2_ho1lw,False,0,False,A curious question about the beginning of computer programming.,r/coding,False,6,0,59.0,False,t3_110aokv,False,dark,0.42,public,0,0,140.0,False,False,False,False,0,False,False,https://b.thumbs.redditmedia.com/npdFDQjo8t3T_xQ4Q2Qu8eeWQUwtDo8CpG8jHP8yh6w.jpg,False,link,False,1676189877.0,text,6,text,google.com,False,http://google.com,False,True,False,False,False,False,False,False,False,False,t5_2rb2y,False,,110aokv,True,11,False,all_ads,False,False,/r/coding/comments/110aokv/a_curious_question_about_the_beginning_of/,all_ads,False,http://google.com,482910,1676189877.0,0,False,False,"<!-- SC_OFF --><div class=""md""><p>Have you ever gone down the rabbit hole of thinking how did the world begin, what was here before and how did a big bang just gone of nothin.  Like how does existence even exist lol.  </p>

<p>Anyway Iâ€™m not a programmer, im very tech and computer Saavy but by no means a programmer but it does infatuate me and something I probably should of took up when younger .. anyways I go down this same rabbit hole with programming.. like it makes no sense at all how you string a bunch of text together that to the naked eye makes no sense but a computer takes it as instruction and understands it.  </p>

<p>How did the very first programmed software or computer come about? You would think that there had to be code before the code for it to understand a code.  Itâ€™s them same brain frying query as the start of existence question.  </p>

<p>I canâ€™t even articulate my question clearly because itâ€™s so mind bogglingâ€¦ </p>

<p>But basically how did someone wake up one day decide they are going to tell a computer or whatever to do something by inputting sone language they made up.  How did the first computer come to understand this input .. electronics is easy, a signal is sent via energy to make something turn on or off or whatever but coding hmmm doesnâ€™t make sense if you think of this way.. </p>

<p>Just my random brain.. if anyone can break this down for me if not I guess thereâ€™s chat GPT.</p>
</div><!-- SC_ON -->"
2048,confidence,,t2_6lmgk,False,0,False,Crack the Tech Interview: The Ultimate Tech Learning Resource List,r/coding,False,6,0,92.0,False,t3_10v9zzh,False,dark,0.59,public,5,0,140.0,False,False,False,False,5,False,False,https://a.thumbs.redditmedia.com/OZ-4qUe0QTl7D-pFt_Vmg1VczUQkNJ6W8uIIDxJfAt4.jpg,False,link,False,1675698829.0,text,6,text,medium.com,False,https://medium.com/@neciudan/crack-the-tech-interview-the-ultimate-tech-learning-resource-list-c550d0b882b3,False,False,False,False,False,False,False,False,False,False,t5_2rb2y,False,,10v9zzh,True,3,True,all_ads,False,False,/r/coding/comments/10v9zzh/crack_the_tech_interview_the_ultimate_tech/,all_ads,False,https://medium.com/@neciudan/crack-the-tech-interview-the-ultimate-tech-learning-resource-list-c550d0b882b3,482910,1675698829.0,0,False,False,
2048,confidence,,t2_ayl6m,False,0,False,10 Proven Techniques for More Effective Code Reviews,r/coding,False,6,0,,False,t3_11bfud7,False,dark,0.73,public,31,0,,False,False,False,False,31,False,False,default,False,,False,1677313032.0,text,6,text,dainemawer.com,False,https://www.dainemawer.com/articles/ten-proven-techniques-for-more-effective-code-reviews,False,False,False,False,False,False,False,False,False,False,t5_2rb2y,False,,11bfud7,True,3,True,all_ads,False,False,/r/coding/comments/11bfud7/10_proven_techniques_for_more_effective_code/,all_ads,False,https://www.dainemawer.com/articles/ten-proven-techniques-for-more-effective-code-reviews,482910,1677313032.0,0,False,False,
2048,confidence,,t2_c6chd8s6,False,0,False,future of debugging with AI and machine learning,r/coding,False,6,0,73.0,False,t3_114dcb1,False,dark,0.52,public,1,0,140.0,False,False,False,False,1,False,False,https://b.thumbs.redditmedia.com/WU6xMrjsR3u5nbfZVIodw433H-2oL_mugviYjcVt10U.jpg,False,link,False,1676617906.0,text,6,text,omardevblog.toolsandapps4us.site,False,https://omardevblog.toolsandapps4us.site/the-future-of-debugging-with-ai-and-machine-learning,False,True,False,False,False,False,False,False,False,False,t5_2rb2y,False,,114dcb1,True,8,True,all_ads,False,False,/r/coding/comments/114dcb1/future_of_debugging_with_ai_and_machine_learning/,all_ads,False,https://omardevblog.toolsandapps4us.site/the-future-of-debugging-with-ai-and-machine-learning,482910,1676617906.0,0,False,False,
2048,confidence,,t2_josywu0a,False,0,False,Multi-Tenant vs. Single-Tenant: What Is the Difference,r/coding,False,6,0,71.0,False,t3_108zjc5,False,dark,0.8,public,49,0,140.0,False,False,False,False,49,False,False,https://a.thumbs.redditmedia.com/PY2CpPA27Ig1zuUvNVo5Vuu445YBZYR8iTIMqHoQes4.jpg,False,link,False,1673424984.0,text,6,text,frontegg.com,False,https://frontegg.com/blog/multi-tenant-vs-single-tenant,False,False,False,False,False,False,False,False,False,False,t5_2rb2y,False,,108zjc5,True,3,True,all_ads,False,False,/r/coding/comments/108zjc5/multitenant_vs_singletenant_what_is_the_difference/,all_ads,False,https://frontegg.com/blog/multi-tenant-vs-single-tenant,482910,1673424984.0,0,False,False,
2048,confidence,,t2_ielq1d5g,False,0,False,How To Implement Linked List Without Using The Built-in Java Library? â€¢ Scientyfic World,r/coding,False,6,0,78.0,False,t3_10j5tlv,False,dark,0.42,public,0,0,140.0,False,False,False,False,0,False,False,https://b.thumbs.redditmedia.com/6ZE97oPxArTynrMToG7NFU61JhPwHf1GLSF3HToXMrk.jpg,False,link,False,1674455169.0,text,6,text,scientyficworld.org,False,https://scientyficworld.org/linked-list-without-built-in-java-library/,False,True,False,False,False,False,False,False,False,False,t5_2rb2y,False,,10j5tlv,True,6,True,all_ads,False,False,/r/coding/comments/10j5tlv/how_to_implement_linked_list_without_using_the/,all_ads,False,https://scientyficworld.org/linked-list-without-built-in-java-library/,482910,1674455169.0,1,False,False,
