comment_limit,comment_sort,selftext,author_fullname,saved,gilded,clicked,title,subreddit_name_prefixed,hidden,pwls,link_flair_css_class,downs,hide_score,name,quarantine,link_flair_text_color,upvote_ratio,subreddit_type,ups,total_awards_received,is_original_content,is_reddit_media_domain,is_meta,link_flair_text,can_mod_post,score,is_created_from_ads_ui,author_premium,thumbnail,edited,post_hint,is_self,created,link_flair_type,wls,author_flair_type,domain,allow_live_comments,selftext_html,archived,no_follow,is_crosspostable,pinned,over_18,media_only,link_flair_template_id,can_gild,spoiler,locked,visited,subreddit_id,author_is_blocked,link_flair_background_color,id,is_robot_indexable,num_comments,send_replies,whitelist_status,contest_mode,author_patreon_flair,permalink,parent_whitelist_status,stickied,url,subreddit_subscribers,created_utc,num_crossposts,is_video,_fetched,thumbnail_height,thumbnail_width,url_overridden_by_dest,crosspost_parent
2048,confidence,"Over the weekend we had a few comments on some of our open issues and if you've spent any time messing around w/ ChatGPT, you'll recognize it immediately. Was wondering if anyone else has seen this and if anyone had any ideas why you'd do it?

Here are the comments:

[https://github.com/svix/svix-webhooks/issues/453](https://github.com/svix/svix-webhooks/issues/453)

[https://github.com/svix/svix-webhooks/issues/714](https://github.com/svix/svix-webhooks/issues/714)",t2_lxmavcs2,False,0,False,Anyone else getting comments clearly generated w/ ChatGPT in their open source repos?,r/opensource,False,6,,0,False,t3_zwqq0o,False,dark,0.97,public,93,0,False,False,False,Discussion,False,93,False,False,self,0.0,self,True,1672176441.0,text,6,text,self.opensource,False,"<!-- SC_OFF --><div class=""md""><p>Over the weekend we had a few comments on some of our open issues and if you&#39;ve spent any time messing around w/ ChatGPT, you&#39;ll recognize it immediately. Was wondering if anyone else has seen this and if anyone had any ideas why you&#39;d do it?</p>

<p>Here are the comments:</p>

<p><a href=""https://github.com/svix/svix-webhooks/issues/453"">https://github.com/svix/svix-webhooks/issues/453</a></p>

<p><a href=""https://github.com/svix/svix-webhooks/issues/714"">https://github.com/svix/svix-webhooks/issues/714</a></p>
</div><!-- SC_ON -->",False,False,False,False,False,False,12cde2fa-4095-11ed-b740-028e409eb5ca,False,False,False,False,t5_2qh4n,False,#bbbdbf,zwqq0o,True,26,True,all_ads,False,False,/r/opensource/comments/zwqq0o/anyone_else_getting_comments_clearly_generated_w/,all_ads,False,https://www.reddit.com/r/opensource/comments/zwqq0o/anyone_else_getting_comments_clearly_generated_w/,184744,1672176441.0,0,False,False,,,,
2048,confidence,,t2_q3ew9,False,0,False,I wrote a simple Telegram bot in Java (Spring Boot) that calls ChatGPT text generation api. Use it as you wish!,r/opensource,False,6,,0,False,t3_1142s45,False,dark,0.56,public,1,0,False,False,False,Promotional,False,1,False,False,https://b.thumbs.redditmedia.com/Ple6FbtlKge5I-EgMbQ1cBOSw_S5-LSBVGcD9iAxAJQ.jpg,0.0,link,False,1676585753.0,text,6,text,github.com,False,,False,True,False,False,False,False,f048747a-4094-11ed-afcf-16b5e38a4910,False,False,False,False,t5_2qh4n,False,#ffd635,1142s45,True,1,True,all_ads,False,False,/r/opensource/comments/1142s45/i_wrote_a_simple_telegram_bot_in_java_spring_boot/,all_ads,False,https://github.com/electricjimi/springchatgpttelegrambot,184744,1676585753.0,0,False,False,70.0,140.0,https://github.com/electricjimi/springchatgpttelegrambot,
2048,confidence,,t2_3gq77,False,0,False,OSS Twitter bot powered by ChatGPT,r/opensource,False,6,,0,False,t3_zcgqj1,False,dark,0.75,public,13,0,False,False,False,Promotional,False,13,False,False,https://b.thumbs.redditmedia.com/IwK26JDT4O1pgraThdLfRcX2Oh1z_kOVlYjnnI3xBTg.jpg,0.0,link,False,1670177177.0,text,6,text,github.com,False,,False,False,False,False,False,False,f048747a-4094-11ed-afcf-16b5e38a4910,False,False,False,False,t5_2qh4n,False,#ffd635,zcgqj1,True,3,True,all_ads,False,False,/r/opensource/comments/zcgqj1/oss_twitter_bot_powered_by_chatgpt/,all_ads,False,https://github.com/transitive-bullshit/chatgpt-twitter-bot,184744,1670177177.0,0,False,False,70.0,140.0,https://github.com/transitive-bullshit/chatgpt-twitter-bot,
2048,confidence,https://github.com/rawandahmad698/PyChatGPT,t2_3d207upi,False,0,False,Created a ChatGPT API,r/opensource,False,6,,0,False,t3_zgmssa,False,dark,0.85,public,46,0,False,False,False,Promotional,False,46,False,False,self,0.0,self,True,1670560082.0,text,6,text,self.opensource,True,"<!-- SC_OFF --><div class=""md""><p><a href=""https://github.com/rawandahmad698/PyChatGPT"">https://github.com/rawandahmad698/PyChatGPT</a></p>
</div><!-- SC_ON -->",False,False,False,False,False,False,f048747a-4094-11ed-afcf-16b5e38a4910,False,False,False,False,t5_2qh4n,False,#ffd635,zgmssa,True,5,True,all_ads,False,False,/r/opensource/comments/zgmssa/created_a_chatgpt_api/,all_ads,False,https://www.reddit.com/r/opensource/comments/zgmssa/created_a_chatgpt_api/,184744,1670560082.0,0,False,False,,,,
2048,confidence,,t2_3v3lo7ah,False,0,False,"GPT3/DALL-E2 Discord bot, chat like ChatGPT with infinitely long conversations! Generate, edit, and vary images, optimize image prompts, long term memory, and more.",r/opensource,False,6,,0,False,t3_zyef22,False,dark,0.63,public,4,0,False,False,False,Promotional,False,4,False,False,default,0.0,link,False,1672343138.0,text,6,text,self.GPT3,False,,False,True,False,False,False,False,f048747a-4094-11ed-afcf-16b5e38a4910,False,False,False,False,t5_2qh4n,False,#ffd635,zyef22,True,0,True,all_ads,False,False,/r/opensource/comments/zyef22/gpt3dalle2_discord_bot_chat_like_chatgpt_with/,all_ads,False,/r/GPT3/comments/zxs18b/gpt3dalle2_discord_bot_with_mediumlong_term_memory/,184744,1672343138.0,0,False,False,,,/r/GPT3/comments/zxs18b/gpt3dalle2_discord_bot_with_mediumlong_term_memory/,t3_zxs18b
2048,confidence,,t2_2l234on3,False,0,False,chatGPT based browser extension for stack overflow,r/opensource,False,6,,0,False,t3_10anya3,False,dark,0.35,public,0,0,False,False,False,Promotional,False,0,False,False,https://b.thumbs.redditmedia.com/U-iycwQNc5EUN4VecCjAguGTP0P-Ygs_Pa_yA8-xX1w.jpg,0.0,link,False,1673593211.0,text,6,text,github.com,False,,False,True,False,False,False,False,f048747a-4094-11ed-afcf-16b5e38a4910,False,False,False,False,t5_2qh4n,False,#ffd635,10anya3,True,0,True,all_ads,False,False,/r/opensource/comments/10anya3/chatgpt_based_browser_extension_for_stack_overflow/,all_ads,False,https://github.com/chinmaykhamkar/chat-gpt-stackoverflow,184744,1673593211.0,0,False,False,70.0,140.0,https://github.com/chinmaykhamkar/chat-gpt-stackoverflow,
2048,confidence,"Hey folks,

I made a video on how I used ChatGPT to contribute to Opensource.

ChatGPT really helped in my first contribution so I wanted to share what I learnt.",t2_6otxlfym,False,0,False,Breaking into Opensource with ChatGPT.,r/opensource,False,6,,0,False,t3_115g7ed,False,dark,0.18,public,0,0,False,False,False,,False,0,False,False,https://b.thumbs.redditmedia.com/a4eLf5qyb_qnmmugdzYvhEWdSJg1TuCnQ3M4Oj5yUnI.jpg,0.0,rich:video,False,1676729562.0,text,6,text,youtu.be,False,"<!-- SC_OFF --><div class=""md""><p>Hey folks,</p>

<p>I made a video on how I used ChatGPT to contribute to Opensource.</p>

<p>ChatGPT really helped in my first contribution so I wanted to share what I learnt.</p>
</div><!-- SC_ON -->",False,True,False,False,False,False,,False,False,False,False,t5_2qh4n,False,,115g7ed,True,0,True,all_ads,False,False,/r/opensource/comments/115g7ed/breaking_into_opensource_with_chatgpt/,all_ads,False,https://youtu.be/3_ZNpYfnoXk,184744,1676729562.0,0,False,False,105.0,140.0,https://youtu.be/3_ZNpYfnoXk,
2048,confidence,"So  nothing major here, but i needed a terminal based interface for chatgpt  so last night i spun one up in python and pushed it put to pypi for  easy use. The only requirement once installed is to set your api key to  the environment variable OPENAI\_API\_KEY and then run phatgpt.

You can find the project at  the following:

* [https://github.com/th3r00t/phatgpt](https://github.com/th3r00t/phatgpt)
* [https://pypi.org/project/phatgpt/](https://pypi.org/project/phatgpt/)

install like any other python package

    pip install phatgpt",t2_ogumvjn,False,0,False,phatgpt a simple terminal based interface for chatgpt,r/opensource,False,6,,0,False,t3_zedjs4,False,dark,0.75,public,2,0,False,False,False,Promotional,False,2,False,False,self,0.0,self,True,1670350093.0,text,6,text,self.opensource,False,"<!-- SC_OFF --><div class=""md""><p>So  nothing major here, but i needed a terminal based interface for chatgpt  so last night i spun one up in python and pushed it put to pypi for  easy use. The only requirement once installed is to set your api key to  the environment variable OPENAI_API_KEY and then run phatgpt.</p>

<p>You can find the project at  the following:</p>

<ul>
<li><a href=""https://github.com/th3r00t/phatgpt"">https://github.com/th3r00t/phatgpt</a></li>
<li><a href=""https://pypi.org/project/phatgpt/"">https://pypi.org/project/phatgpt/</a></li>
</ul>

<p>install like any other python package</p>

<pre><code>pip install phatgpt
</code></pre>
</div><!-- SC_ON -->",False,False,False,False,False,False,f048747a-4094-11ed-afcf-16b5e38a4910,False,False,False,False,t5_2qh4n,False,#ffd635,zedjs4,True,0,True,all_ads,False,False,/r/opensource/comments/zedjs4/phatgpt_a_simple_terminal_based_interface_for/,all_ads,False,https://www.reddit.com/r/opensource/comments/zedjs4/phatgpt_a_simple_terminal_based_interface_for/,184744,1670350093.0,0,False,False,,,,
2048,confidence,"I made this to help me save time going back and forth to ChatGPT asking for unit tests, It is great so far, you could pass an array of tips so that the resulting tests match your preferences.  


I primarily built it for web projects, I think it could be applicable to everything else if you have your \`testgpt.config.json\`. It could be installed globally as an \`npm\` package.  


Github repo:  
[https://github.com/fayez-nazzal/testgpt](https://github.com/fayez-nazzal/testgpt)  


Enjoy!",t2_7chao2fk,False,0,False,I made an opensource tool to generate unit tests using OpenAI,r/opensource,False,6,,0,False,t3_115dvxb,False,dark,0.5,public,0,0,False,False,False,Promotional,False,0,False,False,self,0.0,self,True,1676721953.0,text,6,text,self.opensource,False,"<!-- SC_OFF --><div class=""md""><p>I made this to help me save time going back and forth to ChatGPT asking for unit tests, It is great so far, you could pass an array of tips so that the resulting tests match your preferences.  </p>

<p>I primarily built it for web projects, I think it could be applicable to everything else if you have your `testgpt.config.json`. It could be installed globally as an `npm` package.  </p>

<p>Github repo:<br/>
<a href=""https://github.com/fayez-nazzal/testgpt"">https://github.com/fayez-nazzal/testgpt</a>  </p>

<p>Enjoy!</p>
</div><!-- SC_ON -->",False,True,False,False,False,False,f048747a-4094-11ed-afcf-16b5e38a4910,False,False,False,False,t5_2qh4n,False,#ffd635,115dvxb,True,5,True,all_ads,False,False,/r/opensource/comments/115dvxb/i_made_an_opensource_tool_to_generate_unit_tests/,all_ads,False,https://www.reddit.com/r/opensource/comments/115dvxb/i_made_an_opensource_tool_to_generate_unit_tests/,184744,1676721953.0,0,False,False,,,,
2048,confidence,,t2_3tg59,False,0,False,Rubberduck: GPT-3 powered chat inside Visual Studio Code,r/opensource,False,6,,0,False,t3_10pkcvq,False,dark,0.58,public,2,0,False,False,False,Promotional,False,2,False,True,https://b.thumbs.redditmedia.com/X-3roRdB7xYgKq-ddYiRFDyZFfpVrQyuCjzifcjfb5s.jpg,0.0,link,False,1675128523.0,text,6,text,github.com,False,,False,True,False,False,False,False,f048747a-4094-11ed-afcf-16b5e38a4910,False,False,False,False,t5_2qh4n,False,#ffd635,10pkcvq,True,0,False,all_ads,False,False,/r/opensource/comments/10pkcvq/rubberduck_gpt3_powered_chat_inside_visual_studio/,all_ads,False,https://github.com/rubberduck-ai/rubberduck-vscode,184744,1675128523.0,0,False,False,70.0,140.0,https://github.com/rubberduck-ai/rubberduck-vscode,
2048,confidence,"I know Thunderbird is great one but [it does not allow you to start listening email at boot without launching the entire program](https://old.reddit.com/r/Thunderbird/comments/11043o9/can_you_please_separate_email_listener_from_the/).

I am looking for an email client with following characteristics:

* Must be Open Source, does not matter much on which flavour of open source.

* Must be cross platform.

* Must be able to use GPG(OpenPGP) to encrypt and decrypt as well as sign and verify email messages.

* I dont care about other things like calendar, whatever these programs tend to have, but wont mind much even if they do.

* I must be able to set the app to receive email notifications on boot without setting to start the whole app.

* I will give it a try even if it feels like Windows 95 era program.

* No Vim or Emacs

Am I asking too much?",t2_kabs455v,False,0,False,Any good Desktop email client that supports OpenPGP?,r/opensource,False,6,,0,False,t3_1117ydb,False,dark,0.84,public,8,0,False,False,False,,False,8,False,False,self,1676294481.0,,True,1676294070.0,text,6,text,self.opensource,False,"<!-- SC_OFF --><div class=""md""><p>I know Thunderbird is great one but <a href=""https://old.reddit.com/r/Thunderbird/comments/11043o9/can_you_please_separate_email_listener_from_the/"">it does not allow you to start listening email at boot without launching the entire program</a>.</p>

<p>I am looking for an email client with following characteristics:</p>

<ul>
<li><p>Must be Open Source, does not matter much on which flavour of open source.</p></li>
<li><p>Must be cross platform.</p></li>
<li><p>Must be able to use GPG(OpenPGP) to encrypt and decrypt as well as sign and verify email messages.</p></li>
<li><p>I dont care about other things like calendar, whatever these programs tend to have, but wont mind much even if they do.</p></li>
<li><p>I must be able to set the app to receive email notifications on boot without setting to start the whole app.</p></li>
<li><p>I will give it a try even if it feels like Windows 95 era program.</p></li>
<li><p>No Vim or Emacs</p></li>
</ul>

<p>Am I asking too much?</p>
</div><!-- SC_ON -->",False,False,False,False,False,False,,False,False,False,False,t5_2qh4n,False,,1117ydb,True,11,True,all_ads,False,False,/r/opensource/comments/1117ydb/any_good_desktop_email_client_that_supports/,all_ads,False,https://www.reddit.com/r/opensource/comments/1117ydb/any_good_desktop_email_client_that_supports/,184744,1676294070.0,0,False,False,,,,
2048,confidence,"Currently discussing what the latest Cybersecurity Resilience Act could do to open source - and the consequences could be grave, read the piece by Maarten Aerendtsen here: https://labs.ripe.net/author/maarten-aertsen/open-source-software-vs-the-proposed-cyber-resilience-act/

""the European Commission (EC) now intends to set mandatory requirements for products with digital elements based on the existing EU framework for product safety and liability legislation.

In the near future, manufacturers of toasters, ice cream makers and (open-source) software will have something in common: to make their products available on the European market, they will need to affirm their compliance with EU product legislation by affixing the CE marking.""

The EU Open Source Policy Summit: https://summit.openforumeurope.org/",t2_4zg1q1s8,False,0,False,Open source and policy - join the European discussion,r/opensource,False,6,,0,False,t3_10siho0,False,dark,0.8,public,16,0,False,False,False,,False,16,False,False,self,0.0,self,True,1675425037.0,text,6,text,self.opensource,False,"<!-- SC_OFF --><div class=""md""><p>Currently discussing what the latest Cybersecurity Resilience Act could do to open source - and the consequences could be grave, read the piece by Maarten Aerendtsen here: <a href=""https://labs.ripe.net/author/maarten-aertsen/open-source-software-vs-the-proposed-cyber-resilience-act/"">https://labs.ripe.net/author/maarten-aertsen/open-source-software-vs-the-proposed-cyber-resilience-act/</a></p>

<p>&quot;the European Commission (EC) now intends to set mandatory requirements for products with digital elements based on the existing EU framework for product safety and liability legislation.</p>

<p>In the near future, manufacturers of toasters, ice cream makers and (open-source) software will have something in common: to make their products available on the European market, they will need to affirm their compliance with EU product legislation by affixing the CE marking.&quot;</p>

<p>The EU Open Source Policy Summit: <a href=""https://summit.openforumeurope.org/"">https://summit.openforumeurope.org/</a></p>
</div><!-- SC_ON -->",False,False,False,False,False,False,,False,False,False,False,t5_2qh4n,False,,10siho0,True,10,True,all_ads,False,False,/r/opensource/comments/10siho0/open_source_and_policy_join_the_european/,all_ads,False,https://www.reddit.com/r/opensource/comments/10siho0/open_source_and_policy_join_the_european/,184744,1675425037.0,1,False,False,,,,
2048,confidence,"I'm searching a better email client than Gmail, more private and ofc open-source.
What would recommend?",t2_2e4jnnab,False,0,False,Best open-source email client,r/opensource,False,6,,0,False,t3_1100rlu,False,dark,0.75,public,4,0,False,False,False,,False,4,False,False,self,0.0,,True,1676157102.0,text,6,text,self.opensource,False,"<!-- SC_OFF --><div class=""md""><p>I&#39;m searching a better email client than Gmail, more private and ofc open-source.
What would recommend?</p>
</div><!-- SC_ON -->",False,False,False,False,False,False,,False,False,False,False,t5_2qh4n,False,,1100rlu,True,7,True,all_ads,False,False,/r/opensource/comments/1100rlu/best_opensource_email_client/,all_ads,False,https://www.reddit.com/r/opensource/comments/1100rlu/best_opensource_email_client/,184744,1676157102.0,0,False,False,,,,
2048,confidence,"I see so many open source note taking alternatives to Notion and whatnot. But I have yet to see people tackle OneNote.

What's the issue?
Is there no way to make that infinite canvas thing they have?
If it's possible, how would we go about doing that?
I'm seriously considering learning coding to make this ngl. It's that serious.",t2_oyaj6unp,False,0,False,Is it possible to make an app like OneNote?,r/opensource,False,6,,0,False,t3_zd4zgi,False,dark,0.64,public,8,0,False,False,False,Discussion,False,8,False,False,self,0.0,,True,1670241697.0,text,6,text,self.opensource,True,"<!-- SC_OFF --><div class=""md""><p>I see so many open source note taking alternatives to Notion and whatnot. But I have yet to see people tackle OneNote.</p>

<p>What&#39;s the issue?
Is there no way to make that infinite canvas thing they have?
If it&#39;s possible, how would we go about doing that?
I&#39;m seriously considering learning coding to make this ngl. It&#39;s that serious.</p>
</div><!-- SC_ON -->",False,False,False,False,False,False,12cde2fa-4095-11ed-b740-028e409eb5ca,False,False,False,False,t5_2qh4n,False,#bbbdbf,zd4zgi,True,36,True,all_ads,False,False,/r/opensource/comments/zd4zgi/is_it_possible_to_make_an_app_like_onenote/,all_ads,False,https://www.reddit.com/r/opensource/comments/zd4zgi/is_it_possible_to_make_an_app_like_onenote/,184744,1670241697.0,0,False,False,,,,
